,PDB_ID,Domain,AA_Type,RMSD
0,7kbk,cdr2,ALA,
1,7kbk,cdr2,ARG,1.6396
2,7kbk,cdr2,ASN,
3,7kbk,cdr2,ASP,0.2623
4,7kbk,cdr2,CYS,
5,7kbk,cdr2,GLN,
6,7kbk,cdr2,GLU,
7,7kbk,cdr2,GLY,
8,7kbk,cdr2,HIS,
9,7kbk,cdr2,ILE,
10,7kbk,cdr2,LEU,1.1017
11,7kbk,cdr2,LYS,
12,7kbk,cdr2,MET,
13,7kbk,cdr2,PHE,
14,7kbk,cdr2,PRO,0.1462
15,7kbk,cdr2,SER,0.8015
16,7kbk,cdr2,THR,
17,7kbk,cdr2,TRP,
18,7kbk,cdr2,TYR,
19,7kbk,cdr2,VAL,
20,7r98,cdr2,ALA,
21,7r98,cdr2,ARG,
22,7r98,cdr2,ASN,0.1955
23,7r98,cdr2,ASP,
24,7r98,cdr2,CYS,
25,7r98,cdr2,GLN,
26,7r98,cdr2,GLU,
27,7r98,cdr2,GLY,
28,7r98,cdr2,HIS,
29,7r98,cdr2,ILE,0.0933
30,7r98,cdr2,LEU,
31,7r98,cdr2,LYS,
32,7r98,cdr2,MET,
33,7r98,cdr2,PHE,
34,7r98,cdr2,PRO,
35,7r98,cdr2,SER,1.0758
36,7r98,cdr2,THR,
37,7r98,cdr2,TRP,0.4613
38,7r98,cdr2,TYR,
39,7r98,cdr2,VAL,
40,7nqa,cdr2,ALA,
41,7nqa,cdr2,ARG,
42,7nqa,cdr2,ASN,
43,7nqa,cdr2,ASP,
44,7nqa,cdr2,CYS,
45,7nqa,cdr2,GLN,
46,7nqa,cdr2,GLU,
47,7nqa,cdr2,GLY,
48,7nqa,cdr2,HIS,
49,7nqa,cdr2,ILE,2.1878
50,7nqa,cdr2,LEU,0.0801
51,7nqa,cdr2,LYS,1.0244
52,7nqa,cdr2,MET,
53,7nqa,cdr2,PHE,
54,7nqa,cdr2,PRO,
55,7nqa,cdr2,SER,
56,7nqa,cdr2,THR,1.0894
57,7nqa,cdr2,TRP,
58,7nqa,cdr2,TYR,
59,7nqa,cdr2,VAL,1.4898
60,7ar0,cdr2,ALA,
61,7ar0,cdr2,ARG,
62,7ar0,cdr2,ASN,
63,7ar0,cdr2,ASP,
64,7ar0,cdr2,CYS,
65,7ar0,cdr2,GLN,
66,7ar0,cdr2,GLU,
67,7ar0,cdr2,GLY,
68,7ar0,cdr2,HIS,
69,7ar0,cdr2,ILE,0.1259
70,7ar0,cdr2,LEU,
71,7ar0,cdr2,LYS,
72,7ar0,cdr2,MET,
73,7ar0,cdr2,PHE,
74,7ar0,cdr2,PRO,
75,7ar0,cdr2,SER,0.0988
76,7ar0,cdr2,THR,0.0502
77,7ar0,cdr2,TRP,0.3495
78,7ar0,cdr2,TYR,
79,7ar0,cdr2,VAL,0.4122
80,7aqx,cdr2,ALA,
81,7aqx,cdr2,ARG,
82,7aqx,cdr2,ASN,
83,7aqx,cdr2,ASP,
84,7aqx,cdr2,CYS,
85,7aqx,cdr2,GLN,
86,7aqx,cdr2,GLU,
87,7aqx,cdr2,GLY,
88,7aqx,cdr2,HIS,
89,7aqx,cdr2,ILE,0.2005
90,7aqx,cdr2,LEU,
91,7aqx,cdr2,LYS,
92,7aqx,cdr2,MET,
93,7aqx,cdr2,PHE,
94,7aqx,cdr2,PRO,
95,7aqx,cdr2,SER,0.2452
96,7aqx,cdr2,THR,0.1005
97,7aqx,cdr2,TRP,0.6541
98,7aqx,cdr2,TYR,
99,7aqx,cdr2,VAL,
100,7ooi,cdr2,ALA,
101,7ooi,cdr2,ARG,
102,7ooi,cdr2,ASN,
103,7ooi,cdr2,ASP,
104,7ooi,cdr2,CYS,
105,7ooi,cdr2,GLN,
106,7ooi,cdr2,GLU,
107,7ooi,cdr2,GLY,
108,7ooi,cdr2,HIS,
109,7ooi,cdr2,ILE,0.0712
110,7ooi,cdr2,LEU,
111,7ooi,cdr2,LYS,
112,7ooi,cdr2,MET,
113,7ooi,cdr2,PHE,
114,7ooi,cdr2,PRO,0.0854
115,7ooi,cdr2,SER,0.5788
116,7ooi,cdr2,THR,0.0143
117,7ooi,cdr2,TRP,
118,7ooi,cdr2,TYR,2.0085
119,7ooi,cdr2,VAL,
120,7kd0,cdr2,ALA,
121,7kd0,cdr2,ARG,2.7101
122,7kd0,cdr2,ASN,1.2207
123,7kd0,cdr2,ASP,0.4731
124,7kd0,cdr2,CYS,
125,7kd0,cdr2,GLN,
126,7kd0,cdr2,GLU,
127,7kd0,cdr2,GLY,
128,7kd0,cdr2,HIS,
129,7kd0,cdr2,ILE,0.3887
130,7kd0,cdr2,LEU,
131,7kd0,cdr2,LYS,
132,7kd0,cdr2,MET,
133,7kd0,cdr2,PHE,
134,7kd0,cdr2,PRO,
135,7kd0,cdr2,SER,0.0781
136,7kd0,cdr2,THR,
137,7kd0,cdr2,TRP,
138,7kd0,cdr2,TYR,
139,7kd0,cdr2,VAL,0.0789
140,6zwk,cdr2,ALA,
141,6zwk,cdr2,ARG,2.1906
142,6zwk,cdr2,ASN,
143,6zwk,cdr2,ASP,
144,6zwk,cdr2,CYS,
145,6zwk,cdr2,GLN,
146,6zwk,cdr2,GLU,
147,6zwk,cdr2,GLY,
148,6zwk,cdr2,HIS,
149,6zwk,cdr2,ILE,0.0961
150,6zwk,cdr2,LEU,
151,6zwk,cdr2,LYS,
152,6zwk,cdr2,MET,
153,6zwk,cdr2,PHE,
154,6zwk,cdr2,PRO,
155,6zwk,cdr2,SER,0.1338
156,6zwk,cdr2,THR,0.0596
157,6zwk,cdr2,TRP,
158,6zwk,cdr2,TYR,
159,6zwk,cdr2,VAL,
160,7aqy,cdr2,ALA,
161,7aqy,cdr2,ARG,
162,7aqy,cdr2,ASN,0.4048
163,7aqy,cdr2,ASP,0.2164
164,7aqy,cdr2,CYS,
165,7aqy,cdr2,GLN,
166,7aqy,cdr2,GLU,
167,7aqy,cdr2,GLY,
168,7aqy,cdr2,HIS,
169,7aqy,cdr2,ILE,0.1909
170,7aqy,cdr2,LEU,
171,7aqy,cdr2,LYS,
172,7aqy,cdr2,MET,
173,7aqy,cdr2,PHE,
174,7aqy,cdr2,PRO,
175,7aqy,cdr2,SER,
176,7aqy,cdr2,THR,0.0888
177,7aqy,cdr2,TRP,0.3217
178,7aqy,cdr2,TYR,
179,7aqy,cdr2,VAL,
180,7e53,cdr2,ALA,
181,7e53,cdr2,ARG,
182,7e53,cdr2,ASN,
183,7e53,cdr2,ASP,1.6443
184,7e53,cdr2,CYS,
185,7e53,cdr2,GLN,
186,7e53,cdr2,GLU,
187,7e53,cdr2,GLY,
188,7e53,cdr2,HIS,
189,7e53,cdr2,ILE,
190,7e53,cdr2,LEU,
191,7e53,cdr2,LYS,
192,7e53,cdr2,MET,
193,7e53,cdr2,PHE,
194,7e53,cdr2,PRO,
195,7e53,cdr2,SER,0.576
196,7e53,cdr2,THR,0.3869
197,7e53,cdr2,TRP,
198,7e53,cdr2,TYR,4.3589
199,7e53,cdr2,VAL,
200,7n4n,cdr2,ALA,
201,7n4n,cdr2,ARG,
202,7n4n,cdr2,ASN,
203,7n4n,cdr2,ASP,0.6001
204,7n4n,cdr2,CYS,
205,7n4n,cdr2,GLN,
206,7n4n,cdr2,GLU,
207,7n4n,cdr2,GLY,
208,7n4n,cdr2,HIS,
209,7n4n,cdr2,ILE,0.696
210,7n4n,cdr2,LEU,
211,7n4n,cdr2,LYS,
212,7n4n,cdr2,MET,
213,7n4n,cdr2,PHE,
214,7n4n,cdr2,PRO,
215,7n4n,cdr2,SER,0.1819
216,7n4n,cdr2,THR,0.1221
217,7n4n,cdr2,TRP,
218,7n4n,cdr2,TYR,
219,7n4n,cdr2,VAL,
220,7olz,cdr2,ALA,
221,7olz,cdr2,ARG,
222,7olz,cdr2,ASN,1.8061
223,7olz,cdr2,ASP,
224,7olz,cdr2,CYS,
225,7olz,cdr2,GLN,
226,7olz,cdr2,GLU,
227,7olz,cdr2,GLY,
228,7olz,cdr2,HIS,
229,7olz,cdr2,ILE,0.0518
230,7olz,cdr2,LEU,
231,7olz,cdr2,LYS,
232,7olz,cdr2,MET,
233,7olz,cdr2,PHE,
234,7olz,cdr2,PRO,
235,7olz,cdr2,SER,0.222
236,7olz,cdr2,THR,0.0946
237,7olz,cdr2,TRP,0.1878
238,7olz,cdr2,TYR,
239,7olz,cdr2,VAL,
240,7apj,cdr2,ALA,
241,7apj,cdr2,ARG,
242,7apj,cdr2,ASN,
243,7apj,cdr2,ASP,
244,7apj,cdr2,CYS,
245,7apj,cdr2,GLN,
246,7apj,cdr2,GLU,
247,7apj,cdr2,GLY,
248,7apj,cdr2,HIS,
249,7apj,cdr2,ILE,
250,7apj,cdr2,LEU,0.2865
251,7apj,cdr2,LYS,
252,7apj,cdr2,MET,
253,7apj,cdr2,PHE,
254,7apj,cdr2,PRO,
255,7apj,cdr2,SER,0.0661
256,7apj,cdr2,THR,0.0782
257,7apj,cdr2,TRP,
258,7apj,cdr2,TYR,
259,7apj,cdr2,VAL,0.1067
260,7cz0,cdr2,ALA,
261,7cz0,cdr2,ARG,2.5851
262,7cz0,cdr2,ASN,
263,7cz0,cdr2,ASP,
264,7cz0,cdr2,CYS,
265,7cz0,cdr2,GLN,
266,7cz0,cdr2,GLU,
267,7cz0,cdr2,GLY,
268,7cz0,cdr2,HIS,
269,7cz0,cdr2,ILE,0.0676
270,7cz0,cdr2,LEU,
271,7cz0,cdr2,LYS,
272,7cz0,cdr2,MET,
273,7cz0,cdr2,PHE,
274,7cz0,cdr2,PRO,
275,7cz0,cdr2,SER,0.6697
276,7cz0,cdr2,THR,0.0791
277,7cz0,cdr2,TRP,
278,7cz0,cdr2,TYR,
279,7cz0,cdr2,VAL,
280,7aqz,cdr2,ALA,
281,7aqz,cdr2,ARG,2.3024
282,7aqz,cdr2,ASN,
283,7aqz,cdr2,ASP,
284,7aqz,cdr2,CYS,
285,7aqz,cdr2,GLN,
286,7aqz,cdr2,GLU,
287,7aqz,cdr2,GLY,
288,7aqz,cdr2,HIS,
289,7aqz,cdr2,ILE,2.1576
290,7aqz,cdr2,LEU,
291,7aqz,cdr2,LYS,
292,7aqz,cdr2,MET,
293,7aqz,cdr2,PHE,
294,7aqz,cdr2,PRO,
295,7aqz,cdr2,SER,0.8431
296,7aqz,cdr2,THR,1.0156
297,7aqz,cdr2,TRP,0.6101
298,7aqz,cdr2,TYR,
299,7aqz,cdr2,VAL,
300,7on5,cdr2,ALA,
301,7on5,cdr2,ARG,3.5706
302,7on5,cdr2,ASN,
303,7on5,cdr2,ASP,0.1675
304,7on5,cdr2,CYS,
305,7on5,cdr2,GLN,
306,7on5,cdr2,GLU,
307,7on5,cdr2,GLY,
308,7on5,cdr2,HIS,
309,7on5,cdr2,ILE,0.1499
310,7on5,cdr2,LEU,
311,7on5,cdr2,LYS,
312,7on5,cdr2,MET,
313,7on5,cdr2,PHE,
314,7on5,cdr2,PRO,
315,7on5,cdr2,SER,0.7434
316,7on5,cdr2,THR,0.1266
317,7on5,cdr2,TRP,
318,7on5,cdr2,TYR,
319,7on5,cdr2,VAL,
320,7o06,cdr2,ALA,
321,7o06,cdr2,ARG,
322,7o06,cdr2,ASN,0.2181
323,7o06,cdr2,ASP,
324,7o06,cdr2,CYS,
325,7o06,cdr2,GLN,
326,7o06,cdr2,GLU,
327,7o06,cdr2,GLY,
328,7o06,cdr2,HIS,
329,7o06,cdr2,ILE,0.127
330,7o06,cdr2,LEU,
331,7o06,cdr2,LYS,
332,7o06,cdr2,MET,
333,7o06,cdr2,PHE,
334,7o06,cdr2,PRO,
335,7o06,cdr2,SER,1.6541
336,7o06,cdr2,THR,0.0462
337,7o06,cdr2,TRP,
338,7o06,cdr2,TYR,
339,7o06,cdr2,VAL,
340,7o31,cdr2,ALA,
341,7o31,cdr2,ARG,1.4928
342,7o31,cdr2,ASN,
343,7o31,cdr2,ASP,0.2227
344,7o31,cdr2,CYS,
345,7o31,cdr2,GLN,
346,7o31,cdr2,GLU,
347,7o31,cdr2,GLY,
348,7o31,cdr2,HIS,
349,7o31,cdr2,ILE,
350,7o31,cdr2,LEU,
351,7o31,cdr2,LYS,
352,7o31,cdr2,MET,
353,7o31,cdr2,PHE,
354,7o31,cdr2,PRO,
355,7o31,cdr2,SER,1.0721
356,7o31,cdr2,THR,
357,7o31,cdr2,TRP,
358,7o31,cdr2,TYR,
359,7o31,cdr2,VAL,
360,7czd,cdr2,ALA,
361,7czd,cdr2,ARG,
362,7czd,cdr2,ASN,0.5498
363,7czd,cdr2,ASP,0.3785
364,7czd,cdr2,CYS,
365,7czd,cdr2,GLN,
366,7czd,cdr2,GLU,
367,7czd,cdr2,GLY,
368,7czd,cdr2,HIS,
369,7czd,cdr2,ILE,0.1093
370,7czd,cdr2,LEU,
371,7czd,cdr2,LYS,
372,7czd,cdr2,MET,
373,7czd,cdr2,PHE,
374,7czd,cdr2,PRO,
375,7czd,cdr2,SER,0.1353
376,7czd,cdr2,THR,0.0836
377,7czd,cdr2,TRP,
378,7czd,cdr2,TYR,
379,7czd,cdr2,VAL,
380,7omn,cdr2,ALA,
381,7omn,cdr2,ARG,
382,7omn,cdr2,ASN,
383,7omn,cdr2,ASP,
384,7omn,cdr2,CYS,
385,7omn,cdr2,GLN,
386,7omn,cdr2,GLU,
387,7omn,cdr2,GLY,
388,7omn,cdr2,HIS,
389,7omn,cdr2,ILE,0.1879
390,7omn,cdr2,LEU,
391,7omn,cdr2,LYS,
392,7omn,cdr2,MET,
393,7omn,cdr2,PHE,
394,7omn,cdr2,PRO,0.7958
395,7omn,cdr2,SER,0.5059
396,7omn,cdr2,THR,0.0534
397,7omn,cdr2,TRP,
398,7omn,cdr2,TYR,1.6331
399,7omn,cdr2,VAL,
400,7jkm,cdr2,ALA,
401,7jkm,cdr2,ARG,1.5011
402,7jkm,cdr2,ASN,
403,7jkm,cdr2,ASP,0.1125
404,7jkm,cdr2,CYS,
405,7jkm,cdr2,GLN,
406,7jkm,cdr2,GLU,
407,7jkm,cdr2,GLY,
408,7jkm,cdr2,HIS,
409,7jkm,cdr2,ILE,
410,7jkm,cdr2,LEU,
411,7jkm,cdr2,LYS,
412,7jkm,cdr2,MET,
413,7jkm,cdr2,PHE,
414,7jkm,cdr2,PRO,
415,7jkm,cdr2,SER,1.0069
416,7jkm,cdr2,THR,
417,7jkm,cdr2,TRP,
418,7jkm,cdr2,TYR,
419,7jkm,cdr2,VAL,
420,7kbk,cdr3,ALA,
421,7kbk,cdr3,ARG,1.6575
422,7kbk,cdr3,ASN,1.5497
423,7kbk,cdr3,ASP,0.4853
424,7kbk,cdr3,CYS,
425,7kbk,cdr3,GLN,1.8524
426,7kbk,cdr3,GLU,1.2351
427,7kbk,cdr3,GLY,
428,7kbk,cdr3,HIS,
429,7kbk,cdr3,ILE,
430,7kbk,cdr3,LEU,2.3505
431,7kbk,cdr3,LYS,2.5539
432,7kbk,cdr3,MET,
433,7kbk,cdr3,PHE,
434,7kbk,cdr3,PRO,0.1159
435,7kbk,cdr3,SER,0.8339
436,7kbk,cdr3,THR,0.139
437,7kbk,cdr3,TRP,
438,7kbk,cdr3,TYR,2.6605
439,7kbk,cdr3,VAL,
440,7r98,cdr3,ALA,
441,7r98,cdr3,ARG,1.3992
442,7r98,cdr3,ASN,
443,7r98,cdr3,ASP,0.1277
444,7r98,cdr3,CYS,
445,7r98,cdr3,GLN,2.3342
446,7r98,cdr3,GLU,
447,7r98,cdr3,GLY,
448,7r98,cdr3,HIS,
449,7r98,cdr3,ILE,1.2043
450,7r98,cdr3,LEU,1.79
451,7r98,cdr3,LYS,
452,7r98,cdr3,MET,
453,7r98,cdr3,PHE,0.5089
454,7r98,cdr3,PRO,0.3006
455,7r98,cdr3,SER,1.7483
456,7r98,cdr3,THR,0.079
457,7r98,cdr3,TRP,
458,7r98,cdr3,TYR,2.6828
459,7r98,cdr3,VAL,
460,7nqa,cdr3,ALA,
461,7nqa,cdr3,ARG,
462,7nqa,cdr3,ASN,1.1829
463,7nqa,cdr3,ASP,1.6291
464,7nqa,cdr3,CYS,
465,7nqa,cdr3,GLN,1.7989
466,7nqa,cdr3,GLU,1.5159
467,7nqa,cdr3,GLY,
468,7nqa,cdr3,HIS,
469,7nqa,cdr3,ILE,0.3347
470,7nqa,cdr3,LEU,
471,7nqa,cdr3,LYS,1.0905
472,7nqa,cdr3,MET,
473,7nqa,cdr3,PHE,
474,7nqa,cdr3,PRO,0.4508
475,7nqa,cdr3,SER,
476,7nqa,cdr3,THR,0.9032
477,7nqa,cdr3,TRP,
478,7nqa,cdr3,TYR,2.3596
479,7nqa,cdr3,VAL,0.2229
480,7ar0,cdr3,ALA,
481,7ar0,cdr3,ARG,
482,7ar0,cdr3,ASN,0.1889
483,7ar0,cdr3,ASP,0.3055
484,7ar0,cdr3,CYS,
485,7ar0,cdr3,GLN,
486,7ar0,cdr3,GLU,1.7132
487,7ar0,cdr3,GLY,
488,7ar0,cdr3,HIS,
489,7ar0,cdr3,ILE,
490,7ar0,cdr3,LEU,0.2318
491,7ar0,cdr3,LYS,1.4248
492,7ar0,cdr3,MET,1.4095
493,7ar0,cdr3,PHE,
494,7ar0,cdr3,PRO,
495,7ar0,cdr3,SER,0.256
496,7ar0,cdr3,THR,0.0984
497,7ar0,cdr3,TRP,1.3709
498,7ar0,cdr3,TYR,0.9264
499,7ar0,cdr3,VAL,
500,7aqx,cdr3,ALA,
501,7aqx,cdr3,ARG,2.7699
502,7aqx,cdr3,ASN,
503,7aqx,cdr3,ASP,0.1963
504,7aqx,cdr3,CYS,
505,7aqx,cdr3,GLN,
506,7aqx,cdr3,GLU,2.7749
507,7aqx,cdr3,GLY,
508,7aqx,cdr3,HIS,
509,7aqx,cdr3,ILE,
510,7aqx,cdr3,LEU,0.9687
511,7aqx,cdr3,LYS,
512,7aqx,cdr3,MET,
513,7aqx,cdr3,PHE,
514,7aqx,cdr3,PRO,
515,7aqx,cdr3,SER,0.8039
516,7aqx,cdr3,THR,
517,7aqx,cdr3,TRP,
518,7aqx,cdr3,TYR,0.9208
519,7aqx,cdr3,VAL,
520,7ooi,cdr3,ALA,
521,7ooi,cdr3,ARG,2.1001
522,7ooi,cdr3,ASN,
523,7ooi,cdr3,ASP,0.9655
524,7ooi,cdr3,CYS,
525,7ooi,cdr3,GLN,
526,7ooi,cdr3,GLU,
527,7ooi,cdr3,GLY,
528,7ooi,cdr3,HIS,4.2778
529,7ooi,cdr3,ILE,
530,7ooi,cdr3,LEU,
531,7ooi,cdr3,LYS,
532,7ooi,cdr3,MET,3.7383
533,7ooi,cdr3,PHE,
534,7ooi,cdr3,PRO,0.5329
535,7ooi,cdr3,SER,0.5995
536,7ooi,cdr3,THR,
537,7ooi,cdr3,TRP,2.8186
538,7ooi,cdr3,TYR,4.3047
539,7ooi,cdr3,VAL,
540,7kd0,cdr3,ALA,
541,7kd0,cdr3,ARG,2.2654
542,7kd0,cdr3,ASN,
543,7kd0,cdr3,ASP,0.4112
544,7kd0,cdr3,CYS,
545,7kd0,cdr3,GLN,
546,7kd0,cdr3,GLU,1.6483
547,7kd0,cdr3,GLY,
548,7kd0,cdr3,HIS,
549,7kd0,cdr3,ILE,1.8996
550,7kd0,cdr3,LEU,1.1897
551,7kd0,cdr3,LYS,1.0764
552,7kd0,cdr3,MET,
553,7kd0,cdr3,PHE,
554,7kd0,cdr3,PRO,0.2989
555,7kd0,cdr3,SER,
556,7kd0,cdr3,THR,
557,7kd0,cdr3,TRP,
558,7kd0,cdr3,TYR,
559,7kd0,cdr3,VAL,
560,6zwk,cdr3,ALA,
561,6zwk,cdr3,ARG,2.3581
562,6zwk,cdr3,ASN,
563,6zwk,cdr3,ASP,0.2568
564,6zwk,cdr3,CYS,
565,6zwk,cdr3,GLN,2.5431
566,6zwk,cdr3,GLU,2.6119
567,6zwk,cdr3,GLY,
568,6zwk,cdr3,HIS,
569,6zwk,cdr3,ILE,
570,6zwk,cdr3,LEU,
571,6zwk,cdr3,LYS,
572,6zwk,cdr3,MET,
573,6zwk,cdr3,PHE,
574,6zwk,cdr3,PRO,
575,6zwk,cdr3,SER,0.7957
576,6zwk,cdr3,THR,0.9458
577,6zwk,cdr3,TRP,
578,6zwk,cdr3,TYR,2.1517
579,6zwk,cdr3,VAL,
580,7aqy,cdr3,ALA,
581,7aqy,cdr3,ARG,4.104
582,7aqy,cdr3,ASN,
583,7aqy,cdr3,ASP,0.1981
584,7aqy,cdr3,CYS,
585,7aqy,cdr3,GLN,
586,7aqy,cdr3,GLU,1.2366
587,7aqy,cdr3,GLY,
588,7aqy,cdr3,HIS,
589,7aqy,cdr3,ILE,
590,7aqy,cdr3,LEU,0.3294
591,7aqy,cdr3,LYS,1.1014
592,7aqy,cdr3,MET,
593,7aqy,cdr3,PHE,
594,7aqy,cdr3,PRO,
595,7aqy,cdr3,SER,0.7044
596,7aqy,cdr3,THR,
597,7aqy,cdr3,TRP,
598,7aqy,cdr3,TYR,1.0424
599,7aqy,cdr3,VAL,
600,7e53,cdr3,ALA,
601,7e53,cdr3,ARG,3.3001
602,7e53,cdr3,ASN,2.7922
603,7e53,cdr3,ASP,0.3468
604,7e53,cdr3,CYS,
605,7e53,cdr3,GLN,1.358
606,7e53,cdr3,GLU,
607,7e53,cdr3,GLY,
608,7e53,cdr3,HIS,
609,7e53,cdr3,ILE,
610,7e53,cdr3,LEU,2.6795
611,7e53,cdr3,LYS,0.3345
612,7e53,cdr3,MET,
613,7e53,cdr3,PHE,
614,7e53,cdr3,PRO,0.1546
615,7e53,cdr3,SER,0.9451
616,7e53,cdr3,THR,0.468
617,7e53,cdr3,TRP,3.6999
618,7e53,cdr3,TYR,1.7483
619,7e53,cdr3,VAL,
620,7n4n,cdr3,ALA,
621,7n4n,cdr3,ARG,3.048
622,7n4n,cdr3,ASN,
623,7n4n,cdr3,ASP,
624,7n4n,cdr3,CYS,
625,7n4n,cdr3,GLN,
626,7n4n,cdr3,GLU,
627,7n4n,cdr3,GLY,
628,7n4n,cdr3,HIS,
629,7n4n,cdr3,ILE,
630,7n4n,cdr3,LEU,
631,7n4n,cdr3,LYS,
632,7n4n,cdr3,MET,
633,7n4n,cdr3,PHE,
634,7n4n,cdr3,PRO,
635,7n4n,cdr3,SER,0.2202
636,7n4n,cdr3,THR,1.8783
637,7n4n,cdr3,TRP,
638,7n4n,cdr3,TYR,
639,7n4n,cdr3,VAL,
640,7olz,cdr3,ALA,
641,7olz,cdr3,ARG,3.0953
642,7olz,cdr3,ASN,
643,7olz,cdr3,ASP,0.3517
644,7olz,cdr3,CYS,
645,7olz,cdr3,GLN,
646,7olz,cdr3,GLU,2.8139
647,7olz,cdr3,GLY,
648,7olz,cdr3,HIS,
649,7olz,cdr3,ILE,
650,7olz,cdr3,LEU,1.15
651,7olz,cdr3,LYS,
652,7olz,cdr3,MET,
653,7olz,cdr3,PHE,0.6499
654,7olz,cdr3,PRO,0.2561
655,7olz,cdr3,SER,1.4031
656,7olz,cdr3,THR,
657,7olz,cdr3,TRP,
658,7olz,cdr3,TYR,1.374
659,7olz,cdr3,VAL,
660,7apj,cdr3,ALA,
661,7apj,cdr3,ARG,2.5471
662,7apj,cdr3,ASN,0.4328
663,7apj,cdr3,ASP,0.469
664,7apj,cdr3,CYS,
665,7apj,cdr3,GLN,
666,7apj,cdr3,GLU,
667,7apj,cdr3,GLY,
668,7apj,cdr3,HIS,
669,7apj,cdr3,ILE,
670,7apj,cdr3,LEU,2.5662
671,7apj,cdr3,LYS,
672,7apj,cdr3,MET,
673,7apj,cdr3,PHE,
674,7apj,cdr3,PRO,
675,7apj,cdr3,SER,
676,7apj,cdr3,THR,0.5659
677,7apj,cdr3,TRP,
678,7apj,cdr3,TYR,0.3635
679,7apj,cdr3,VAL,0.041
680,7cz0,cdr3,ALA,
681,7cz0,cdr3,ARG,3.6773
682,7cz0,cdr3,ASN,0.8773
683,7cz0,cdr3,ASP,
684,7cz0,cdr3,CYS,
685,7cz0,cdr3,GLN,
686,7cz0,cdr3,GLU,
687,7cz0,cdr3,GLY,
688,7cz0,cdr3,HIS,
689,7cz0,cdr3,ILE,
690,7cz0,cdr3,LEU,
691,7cz0,cdr3,LYS,
692,7cz0,cdr3,MET,
693,7cz0,cdr3,PHE,
694,7cz0,cdr3,PRO,
695,7cz0,cdr3,SER,
696,7cz0,cdr3,THR,2.0191
697,7cz0,cdr3,TRP,
698,7cz0,cdr3,TYR,1.9071
699,7cz0,cdr3,VAL,0.2513
700,7aqz,cdr3,ALA,
701,7aqz,cdr3,ARG,
702,7aqz,cdr3,ASN,
703,7aqz,cdr3,ASP,1.8636
704,7aqz,cdr3,CYS,
705,7aqz,cdr3,GLN,
706,7aqz,cdr3,GLU,3.4128
707,7aqz,cdr3,GLY,
708,7aqz,cdr3,HIS,
709,7aqz,cdr3,ILE,
710,7aqz,cdr3,LEU,0.6435
711,7aqz,cdr3,LYS,0.9074
712,7aqz,cdr3,MET,
713,7aqz,cdr3,PHE,
714,7aqz,cdr3,PRO,
715,7aqz,cdr3,SER,1.3721
716,7aqz,cdr3,THR,1.929
717,7aqz,cdr3,TRP,
718,7aqz,cdr3,TYR,0.922
719,7aqz,cdr3,VAL,1.9755
720,7on5,cdr3,ALA,
721,7on5,cdr3,ARG,
722,7on5,cdr3,ASN,
723,7on5,cdr3,ASP,0.2021
724,7on5,cdr3,CYS,
725,7on5,cdr3,GLN,
726,7on5,cdr3,GLU,1.6626
727,7on5,cdr3,GLY,
728,7on5,cdr3,HIS,
729,7on5,cdr3,ILE,
730,7on5,cdr3,LEU,0.927
731,7on5,cdr3,LYS,2.249
732,7on5,cdr3,MET,
733,7on5,cdr3,PHE,
734,7on5,cdr3,PRO,0.4663
735,7on5,cdr3,SER,0.9095
736,7on5,cdr3,THR,0.2057
737,7on5,cdr3,TRP,3.4855
738,7on5,cdr3,TYR,2.0653
739,7on5,cdr3,VAL,
740,7o06,cdr3,ALA,
741,7o06,cdr3,ARG,2.4625
742,7o06,cdr3,ASN,1.2232
743,7o06,cdr3,ASP,
744,7o06,cdr3,CYS,
745,7o06,cdr3,GLN,
746,7o06,cdr3,GLU,4.0813
747,7o06,cdr3,GLY,
748,7o06,cdr3,HIS,
749,7o06,cdr3,ILE,
750,7o06,cdr3,LEU,1.4527
751,7o06,cdr3,LYS,
752,7o06,cdr3,MET,
753,7o06,cdr3,PHE,
754,7o06,cdr3,PRO,0.4763
755,7o06,cdr3,SER,
756,7o06,cdr3,THR,
757,7o06,cdr3,TRP,0.8349
758,7o06,cdr3,TYR,0.3206
759,7o06,cdr3,VAL,
760,7o31,cdr3,ALA,
761,7o31,cdr3,ARG,
762,7o31,cdr3,ASN,
763,7o31,cdr3,ASP,0.6097
764,7o31,cdr3,CYS,
765,7o31,cdr3,GLN,
766,7o31,cdr3,GLU,
767,7o31,cdr3,GLY,
768,7o31,cdr3,HIS,
769,7o31,cdr3,ILE,2.1332
770,7o31,cdr3,LEU,
771,7o31,cdr3,LYS,
772,7o31,cdr3,MET,
773,7o31,cdr3,PHE,2.5778
774,7o31,cdr3,PRO,
775,7o31,cdr3,SER,1.2754
776,7o31,cdr3,THR,0.168
777,7o31,cdr3,TRP,
778,7o31,cdr3,TYR,0.6749
779,7o31,cdr3,VAL,
780,7czd,cdr3,ALA,
781,7czd,cdr3,ARG,
782,7czd,cdr3,ASN,
783,7czd,cdr3,ASP,2.4001
784,7czd,cdr3,CYS,
785,7czd,cdr3,GLN,
786,7czd,cdr3,GLU,
787,7czd,cdr3,GLY,
788,7czd,cdr3,HIS,
789,7czd,cdr3,ILE,
790,7czd,cdr3,LEU,
791,7czd,cdr3,LYS,2.1939
792,7czd,cdr3,MET,
793,7czd,cdr3,PHE,
794,7czd,cdr3,PRO,0.2147
795,7czd,cdr3,SER,
796,7czd,cdr3,THR,
797,7czd,cdr3,TRP,
798,7czd,cdr3,TYR,3.2972
799,7czd,cdr3,VAL,
800,7omn,cdr3,ALA,
801,7omn,cdr3,ARG,0.5832
802,7omn,cdr3,ASN,
803,7omn,cdr3,ASP,1.0229
804,7omn,cdr3,CYS,
805,7omn,cdr3,GLN,
806,7omn,cdr3,GLU,
807,7omn,cdr3,GLY,
808,7omn,cdr3,HIS,1.4325
809,7omn,cdr3,ILE,
810,7omn,cdr3,LEU,
811,7omn,cdr3,LYS,
812,7omn,cdr3,MET,1.2455
813,7omn,cdr3,PHE,
814,7omn,cdr3,PRO,0.3115
815,7omn,cdr3,SER,
816,7omn,cdr3,THR,
817,7omn,cdr3,TRP,2.9993
818,7omn,cdr3,TYR,3.1263
819,7omn,cdr3,VAL,
820,7jkm,cdr3,ALA,
821,7jkm,cdr3,ARG,
822,7jkm,cdr3,ASN,
823,7jkm,cdr3,ASP,0.46
824,7jkm,cdr3,CYS,
825,7jkm,cdr3,GLN,
826,7jkm,cdr3,GLU,
827,7jkm,cdr3,GLY,
828,7jkm,cdr3,HIS,
829,7jkm,cdr3,ILE,0.4856
830,7jkm,cdr3,LEU,
831,7jkm,cdr3,LYS,
832,7jkm,cdr3,MET,
833,7jkm,cdr3,PHE,2.9775
834,7jkm,cdr3,PRO,
835,7jkm,cdr3,SER,1.1168
836,7jkm,cdr3,THR,0.4295
837,7jkm,cdr3,TRP,
838,7jkm,cdr3,TYR,0.7091
839,7jkm,cdr3,VAL,
840,7kbk,cdr1,ALA,
841,7kbk,cdr1,ARG,3.7344
842,7kbk,cdr1,ASN,
843,7kbk,cdr1,ASP,
844,7kbk,cdr1,CYS,
845,7kbk,cdr1,GLN,
846,7kbk,cdr1,GLU,
847,7kbk,cdr1,GLY,
848,7kbk,cdr1,HIS,
849,7kbk,cdr1,ILE,
850,7kbk,cdr1,LEU,1.0926
851,7kbk,cdr1,LYS,
852,7kbk,cdr1,MET,
853,7kbk,cdr1,PHE,1.8139
854,7kbk,cdr1,PRO,
855,7kbk,cdr1,SER,0.7958
856,7kbk,cdr1,THR,1.8422
857,7kbk,cdr1,TRP,
858,7kbk,cdr1,TYR,
859,7kbk,cdr1,VAL,
860,7r98,cdr1,ALA,
861,7r98,cdr1,ARG,2.745
862,7r98,cdr1,ASN,
863,7r98,cdr1,ASP,
864,7r98,cdr1,CYS,
865,7r98,cdr1,GLN,
866,7r98,cdr1,GLU,
867,7r98,cdr1,GLY,
868,7r98,cdr1,HIS,
869,7r98,cdr1,ILE,0.4549
870,7r98,cdr1,LEU,
871,7r98,cdr1,LYS,
872,7r98,cdr1,MET,
873,7r98,cdr1,PHE,0.5796
874,7r98,cdr1,PRO,
875,7r98,cdr1,SER,0.2118
876,7r98,cdr1,THR,1.9154
877,7r98,cdr1,TRP,
878,7r98,cdr1,TYR,
879,7r98,cdr1,VAL,
880,7nqa,cdr1,ALA,
881,7nqa,cdr1,ARG,1.3838
882,7nqa,cdr1,ASN,
883,7nqa,cdr1,ASP,0.248
884,7nqa,cdr1,CYS,
885,7nqa,cdr1,GLN,
886,7nqa,cdr1,GLU,2.3433
887,7nqa,cdr1,GLY,
888,7nqa,cdr1,HIS,
889,7nqa,cdr1,ILE,
890,7nqa,cdr1,LEU,
891,7nqa,cdr1,LYS,
892,7nqa,cdr1,MET,0.9505
893,7nqa,cdr1,PHE,4.931
894,7nqa,cdr1,PRO,
895,7nqa,cdr1,SER,0.125
896,7nqa,cdr1,THR,1.0463
897,7nqa,cdr1,TRP,
898,7nqa,cdr1,TYR,
899,7nqa,cdr1,VAL,
900,7ar0,cdr1,ALA,
901,7ar0,cdr1,ARG,4.5252
902,7ar0,cdr1,ASN,
903,7ar0,cdr1,ASP,
904,7ar0,cdr1,CYS,
905,7ar0,cdr1,GLN,
906,7ar0,cdr1,GLU,2.7407
907,7ar0,cdr1,GLY,
908,7ar0,cdr1,HIS,
909,7ar0,cdr1,ILE,
910,7ar0,cdr1,LEU,0.1014
911,7ar0,cdr1,LYS,
912,7ar0,cdr1,MET,
913,7ar0,cdr1,PHE,1.8329
914,7ar0,cdr1,PRO,
915,7ar0,cdr1,SER,0.8664
916,7ar0,cdr1,THR,1.8766
917,7ar0,cdr1,TRP,
918,7ar0,cdr1,TYR,
919,7ar0,cdr1,VAL,
920,7aqx,cdr1,ALA,
921,7aqx,cdr1,ARG,
922,7aqx,cdr1,ASN,0.5343
923,7aqx,cdr1,ASP,
924,7aqx,cdr1,CYS,
925,7aqx,cdr1,GLN,
926,7aqx,cdr1,GLU,
927,7aqx,cdr1,GLY,
928,7aqx,cdr1,HIS,
929,7aqx,cdr1,ILE,
930,7aqx,cdr1,LEU,2.7942
931,7aqx,cdr1,LYS,
932,7aqx,cdr1,MET,
933,7aqx,cdr1,PHE,0.3624
934,7aqx,cdr1,PRO,
935,7aqx,cdr1,SER,0.1278
936,7aqx,cdr1,THR,0.0596
937,7aqx,cdr1,TRP,
938,7aqx,cdr1,TYR,1.7438
939,7aqx,cdr1,VAL,
940,7ooi,cdr1,ALA,
941,7ooi,cdr1,ARG,
942,7ooi,cdr1,ASN,
943,7ooi,cdr1,ASP,0.7668
944,7ooi,cdr1,CYS,
945,7ooi,cdr1,GLN,
946,7ooi,cdr1,GLU,
947,7ooi,cdr1,GLY,
948,7ooi,cdr1,HIS,
949,7ooi,cdr1,ILE,0.2381
950,7ooi,cdr1,LEU,
951,7ooi,cdr1,LYS,
952,7ooi,cdr1,MET,
953,7ooi,cdr1,PHE,1.8222
954,7ooi,cdr1,PRO,
955,7ooi,cdr1,SER,1.3326
956,7ooi,cdr1,THR,
957,7ooi,cdr1,TRP,
958,7ooi,cdr1,TYR,1.6775
959,7ooi,cdr1,VAL,
960,7kd0,cdr1,ALA,
961,7kd0,cdr1,ARG,
962,7kd0,cdr1,ASN,
963,7kd0,cdr1,ASP,
964,7kd0,cdr1,CYS,
965,7kd0,cdr1,GLN,
966,7kd0,cdr1,GLU,
967,7kd0,cdr1,GLY,
968,7kd0,cdr1,HIS,
969,7kd0,cdr1,ILE,
970,7kd0,cdr1,LEU,
971,7kd0,cdr1,LYS,
972,7kd0,cdr1,MET,
973,7kd0,cdr1,PHE,1.8136
974,7kd0,cdr1,PRO,0.3027
975,7kd0,cdr1,SER,0.9491
976,7kd0,cdr1,THR,0.1697
977,7kd0,cdr1,TRP,
978,7kd0,cdr1,TYR,
979,7kd0,cdr1,VAL,
980,6zwk,cdr1,ALA,
981,6zwk,cdr1,ARG,1.4879
982,6zwk,cdr1,ASN,
983,6zwk,cdr1,ASP,
984,6zwk,cdr1,CYS,
985,6zwk,cdr1,GLN,
986,6zwk,cdr1,GLU,
987,6zwk,cdr1,GLY,
988,6zwk,cdr1,HIS,
989,6zwk,cdr1,ILE,
990,6zwk,cdr1,LEU,1.3942
991,6zwk,cdr1,LYS,
992,6zwk,cdr1,MET,
993,6zwk,cdr1,PHE,1.8298
994,6zwk,cdr1,PRO,
995,6zwk,cdr1,SER,0.077
996,6zwk,cdr1,THR,0.0678
997,6zwk,cdr1,TRP,
998,6zwk,cdr1,TYR,1.7101
999,6zwk,cdr1,VAL,
1000,7aqy,cdr1,ALA,
1001,7aqy,cdr1,ARG,
1002,7aqy,cdr1,ASN,0.4011
1003,7aqy,cdr1,ASP,
1004,7aqy,cdr1,CYS,
1005,7aqy,cdr1,GLN,
1006,7aqy,cdr1,GLU,
1007,7aqy,cdr1,GLY,
1008,7aqy,cdr1,HIS,
1009,7aqy,cdr1,ILE,
1010,7aqy,cdr1,LEU,2.8086
1011,7aqy,cdr1,LYS,
1012,7aqy,cdr1,MET,
1013,7aqy,cdr1,PHE,1.8104
1014,7aqy,cdr1,PRO,
1015,7aqy,cdr1,SER,0.0965
1016,7aqy,cdr1,THR,0.0896
1017,7aqy,cdr1,TRP,
1018,7aqy,cdr1,TYR,1.792
1019,7aqy,cdr1,VAL,
1020,7e53,cdr1,ALA,
1021,7e53,cdr1,ARG,
1022,7e53,cdr1,ASN,
1023,7e53,cdr1,ASP,
1024,7e53,cdr1,CYS,
1025,7e53,cdr1,GLN,
1026,7e53,cdr1,GLU,
1027,7e53,cdr1,GLY,
1028,7e53,cdr1,HIS,
1029,7e53,cdr1,ILE,
1030,7e53,cdr1,LEU,
1031,7e53,cdr1,LYS,
1032,7e53,cdr1,MET,
1033,7e53,cdr1,PHE,1.765
1034,7e53,cdr1,PRO,0.1633
1035,7e53,cdr1,SER,1.4714
1036,7e53,cdr1,THR,0.1428
1037,7e53,cdr1,TRP,
1038,7e53,cdr1,TYR,5.1951
1039,7e53,cdr1,VAL,
1040,7n4n,cdr1,ALA,
1041,7n4n,cdr1,ARG,
1042,7n4n,cdr1,ASN,
1043,7n4n,cdr1,ASP,
1044,7n4n,cdr1,CYS,
1045,7n4n,cdr1,GLN,
1046,7n4n,cdr1,GLU,
1047,7n4n,cdr1,GLY,
1048,7n4n,cdr1,HIS,
1049,7n4n,cdr1,ILE,0.1751
1050,7n4n,cdr1,LEU,
1051,7n4n,cdr1,LYS,
1052,7n4n,cdr1,MET,
1053,7n4n,cdr1,PHE,1.807
1054,7n4n,cdr1,PRO,
1055,7n4n,cdr1,SER,0.4156
1056,7n4n,cdr1,THR,0.1556
1057,7n4n,cdr1,TRP,
1058,7n4n,cdr1,TYR,
1059,7n4n,cdr1,VAL,
1060,7olz,cdr1,ALA,
1061,7olz,cdr1,ARG,
1062,7olz,cdr1,ASN,0.1816
1063,7olz,cdr1,ASP,0.335
1064,7olz,cdr1,CYS,
1065,7olz,cdr1,GLN,
1066,7olz,cdr1,GLU,
1067,7olz,cdr1,GLY,
1068,7olz,cdr1,HIS,
1069,7olz,cdr1,ILE,
1070,7olz,cdr1,LEU,
1071,7olz,cdr1,LYS,
1072,7olz,cdr1,MET,
1073,7olz,cdr1,PHE,4.6705
1074,7olz,cdr1,PRO,
1075,7olz,cdr1,SER,0.0487
1076,7olz,cdr1,THR,0.2002
1077,7olz,cdr1,TRP,
1078,7olz,cdr1,TYR,
1079,7olz,cdr1,VAL,
1080,7apj,cdr1,ALA,
1081,7apj,cdr1,ARG,2.734
1082,7apj,cdr1,ASN,
1083,7apj,cdr1,ASP,0.3561
1084,7apj,cdr1,CYS,
1085,7apj,cdr1,GLN,
1086,7apj,cdr1,GLU,
1087,7apj,cdr1,GLY,
1088,7apj,cdr1,HIS,
1089,7apj,cdr1,ILE,0.978
1090,7apj,cdr1,LEU,
1091,7apj,cdr1,LYS,1.4294
1092,7apj,cdr1,MET,
1093,7apj,cdr1,PHE,
1094,7apj,cdr1,PRO,
1095,7apj,cdr1,SER,
1096,7apj,cdr1,THR,0.0757
1097,7apj,cdr1,TRP,
1098,7apj,cdr1,TYR,
1099,7apj,cdr1,VAL,0.3199
1100,7cz0,cdr1,ALA,
1101,7cz0,cdr1,ARG,
1102,7cz0,cdr1,ASN,
1103,7cz0,cdr1,ASP,1.8895
1104,7cz0,cdr1,CYS,
1105,7cz0,cdr1,GLN,0.5042
1106,7cz0,cdr1,GLU,
1107,7cz0,cdr1,GLY,
1108,7cz0,cdr1,HIS,
1109,7cz0,cdr1,ILE,
1110,7cz0,cdr1,LEU,
1111,7cz0,cdr1,LYS,
1112,7cz0,cdr1,MET,
1113,7cz0,cdr1,PHE,1.9279
1114,7cz0,cdr1,PRO,0.3479
1115,7cz0,cdr1,SER,
1116,7cz0,cdr1,THR,0.1652
1117,7cz0,cdr1,TRP,0.3803
1118,7cz0,cdr1,TYR,
1119,7cz0,cdr1,VAL,2.2979
1120,7aqz,cdr1,ALA,
1121,7aqz,cdr1,ARG,
1122,7aqz,cdr1,ASN,0.4236
1123,7aqz,cdr1,ASP,
1124,7aqz,cdr1,CYS,
1125,7aqz,cdr1,GLN,
1126,7aqz,cdr1,GLU,
1127,7aqz,cdr1,GLY,
1128,7aqz,cdr1,HIS,
1129,7aqz,cdr1,ILE,
1130,7aqz,cdr1,LEU,2.737
1131,7aqz,cdr1,LYS,
1132,7aqz,cdr1,MET,
1133,7aqz,cdr1,PHE,1.8681
1134,7aqz,cdr1,PRO,
1135,7aqz,cdr1,SER,0.1756
1136,7aqz,cdr1,THR,0.0704
1137,7aqz,cdr1,TRP,
1138,7aqz,cdr1,TYR,1.7114
1139,7aqz,cdr1,VAL,
1140,7on5,cdr1,ALA,
1141,7on5,cdr1,ARG,
1142,7on5,cdr1,ASN,
1143,7on5,cdr1,ASP,0.0477
1144,7on5,cdr1,CYS,
1145,7on5,cdr1,GLN,
1146,7on5,cdr1,GLU,
1147,7on5,cdr1,GLY,
1148,7on5,cdr1,HIS,
1149,7on5,cdr1,ILE,0.3625
1150,7on5,cdr1,LEU,1.5787
1151,7on5,cdr1,LYS,
1152,7on5,cdr1,MET,
1153,7on5,cdr1,PHE,
1154,7on5,cdr1,PRO,
1155,7on5,cdr1,SER,
1156,7on5,cdr1,THR,1.1094
1157,7on5,cdr1,TRP,
1158,7on5,cdr1,TYR,4.0509
1159,7on5,cdr1,VAL,
1160,7o06,cdr1,ALA,
1161,7o06,cdr1,ARG,
1162,7o06,cdr1,ASN,2.113
1163,7o06,cdr1,ASP,
1164,7o06,cdr1,CYS,
1165,7o06,cdr1,GLN,
1166,7o06,cdr1,GLU,
1167,7o06,cdr1,GLY,
1168,7o06,cdr1,HIS,
1169,7o06,cdr1,ILE,2.2654
1170,7o06,cdr1,LEU,
1171,7o06,cdr1,LYS,
1172,7o06,cdr1,MET,
1173,7o06,cdr1,PHE,4.2055
1174,7o06,cdr1,PRO,
1175,7o06,cdr1,SER,1.1817
1176,7o06,cdr1,THR,0.1494
1177,7o06,cdr1,TRP,
1178,7o06,cdr1,TYR,
1179,7o06,cdr1,VAL,
1180,7o31,cdr1,ALA,
1181,7o31,cdr1,ARG,3.9588
1182,7o31,cdr1,ASN,
1183,7o31,cdr1,ASP,
1184,7o31,cdr1,CYS,
1185,7o31,cdr1,GLN,
1186,7o31,cdr1,GLU,
1187,7o31,cdr1,GLY,
1188,7o31,cdr1,HIS,
1189,7o31,cdr1,ILE,0.3535
1190,7o31,cdr1,LEU,
1191,7o31,cdr1,LYS,
1192,7o31,cdr1,MET,
1193,7o31,cdr1,PHE,
1194,7o31,cdr1,PRO,
1195,7o31,cdr1,SER,0.134
1196,7o31,cdr1,THR,0.4305
1197,7o31,cdr1,TRP,
1198,7o31,cdr1,TYR,0.242
1199,7o31,cdr1,VAL,
1200,7czd,cdr1,ALA,
1201,7czd,cdr1,ARG,
1202,7czd,cdr1,ASN,
1203,7czd,cdr1,ASP,
1204,7czd,cdr1,CYS,
1205,7czd,cdr1,GLN,
1206,7czd,cdr1,GLU,
1207,7czd,cdr1,GLY,
1208,7czd,cdr1,HIS,
1209,7czd,cdr1,ILE,
1210,7czd,cdr1,LEU,
1211,7czd,cdr1,LYS,
1212,7czd,cdr1,MET,
1213,7czd,cdr1,PHE,1.821
1214,7czd,cdr1,PRO,
1215,7czd,cdr1,SER,0.1674
1216,7czd,cdr1,THR,0.164
1217,7czd,cdr1,TRP,0.5854
1218,7czd,cdr1,TYR,1.7642
1219,7czd,cdr1,VAL,
1220,7omn,cdr1,ALA,
1221,7omn,cdr1,ARG,
1222,7omn,cdr1,ASN,
1223,7omn,cdr1,ASP,0.3083
1224,7omn,cdr1,CYS,
1225,7omn,cdr1,GLN,
1226,7omn,cdr1,GLU,
1227,7omn,cdr1,GLY,
1228,7omn,cdr1,HIS,
1229,7omn,cdr1,ILE,2.3746
1230,7omn,cdr1,LEU,
1231,7omn,cdr1,LYS,
1232,7omn,cdr1,MET,
1233,7omn,cdr1,PHE,1.8144
1234,7omn,cdr1,PRO,
1235,7omn,cdr1,SER,0.232
1236,7omn,cdr1,THR,
1237,7omn,cdr1,TRP,
1238,7omn,cdr1,TYR,1.2235
1239,7omn,cdr1,VAL,
1240,7jkm,cdr1,ALA,
1241,7jkm,cdr1,ARG,3.6459
1242,7jkm,cdr1,ASN,
1243,7jkm,cdr1,ASP,
1244,7jkm,cdr1,CYS,
1245,7jkm,cdr1,GLN,
1246,7jkm,cdr1,GLU,
1247,7jkm,cdr1,GLY,
1248,7jkm,cdr1,HIS,
1249,7jkm,cdr1,ILE,0.1705
1250,7jkm,cdr1,LEU,
1251,7jkm,cdr1,LYS,
1252,7jkm,cdr1,MET,
1253,7jkm,cdr1,PHE,
1254,7jkm,cdr1,PRO,
1255,7jkm,cdr1,SER,0.1553
1256,7jkm,cdr1,THR,2.2396
1257,7jkm,cdr1,TRP,
1258,7jkm,cdr1,TYR,0.1231
1259,7jkm,cdr1,VAL,
