PDB_ID,Domain,on_Atom,RMSD
7t01_1_H,cdrH1,all,0.945
7t01_1_H,cdrH2,all,1.168
7t01_1_H,cdrH3,all,2.293
7t01_1_H,cdrH1,bb,0.953
7t01_1_H,cdrH2,bb,1.099
7t01_1_H,cdrH3,bb,2.113
7t01_1_H,cdrH1,sc,0.746
7t01_1_H,cdrH2,sc,0.7859999999999999
7t01_1_H,cdrH3,sc,0.828
7q0g_2_A,cdrH1,all,2.97
7q0g_2_A,cdrH2,all,2.937
7q0g_2_A,cdrH3,all,4.229
7q0g_2_A,cdrH1,bb,2.985
7q0g_2_A,cdrH2,bb,2.924
7q0g_2_A,cdrH3,bb,4.177
7q0g_2_A,cdrH1,sc,0.767
7q0g_2_A,cdrH2,sc,0.514
7q0g_2_A,cdrH3,sc,1.2229999999999999
7pc2_1_O,cdrH1,all,1.598
7pc2_1_O,cdrH2,all,0.825
7pc2_1_O,cdrH3,all,4.479
7pc2_1_O,cdrH1,bb,1.597
7pc2_1_O,cdrH2,bb,0.777
7pc2_1_O,cdrH3,bb,4.518
7pc2_1_O,cdrH1,sc,2.004
7pc2_1_O,cdrH2,sc,1.237
7pc2_1_O,cdrH3,sc,1.7080000000000002
7n4j_1_H,cdrH1,all,0.89
7n4j_1_H,cdrH2,all,1.87
7n4j_1_H,cdrH3,all,2.537
7n4j_1_H,cdrH1,bb,0.887
7n4j_1_H,cdrH2,bb,1.739
7n4j_1_H,cdrH3,bb,2.653
7n4j_1_H,cdrH1,sc,0.868
7n4j_1_H,cdrH2,sc,2.1719999999999997
7n4j_1_H,cdrH3,sc,0.7
7np1_1_H,cdrH1,all,1.005
7np1_1_H,cdrH2,all,1.295
7np1_1_H,cdrH3,all,5.376
7np1_1_H,cdrH1,bb,1.005
7np1_1_H,cdrH2,bb,1.27
7np1_1_H,cdrH3,bb,4.974
7np1_1_H,cdrH1,sc,1.153
7np1_1_H,cdrH2,sc,0.364
7np1_1_H,cdrH3,sc,1.091
7enf_1_P,cdrH1,all,1.248
7enf_1_P,cdrH2,all,0.6
7enf_1_P,cdrH3,all,2.275
7enf_1_P,cdrH1,bb,1.265
7enf_1_P,cdrH2,bb,0.561
7enf_1_P,cdrH3,bb,1.734
7enf_1_P,cdrH1,sc,1.127
7enf_1_P,cdrH2,sc,1.561
7enf_1_P,cdrH3,sc,1.758
7kkh_1_B,cdrH1,all,0.7070000000000001
7kkh_1_B,cdrH2,all,0.563
7kkh_1_B,cdrH3,all,0.8340000000000001
7kkh_1_B,cdrH1,bb,0.7070000000000001
7kkh_1_B,cdrH2,bb,0.5489999999999999
7kkh_1_B,cdrH3,bb,0.7190000000000001
7kkh_1_B,cdrH1,sc,0.6629999999999999
7kkh_1_B,cdrH2,sc,0.6609999999999999
7kkh_1_B,cdrH3,sc,0.75
7vux_1_H,cdrH1,all,0.41600000000000004
7vux_1_H,cdrH2,all,0.8740000000000001
7vux_1_H,cdrH3,all,0.47100000000000003
7vux_1_H,cdrH1,bb,0.38799999999999996
7vux_1_H,cdrH2,bb,0.475
7vux_1_H,cdrH3,bb,0.479
7vux_1_H,cdrH1,sc,0.7829999999999999
7vux_1_H,cdrH2,sc,0.82
7vux_1_H,cdrH3,sc,0.6509999999999999
7ryv_1_E,cdrH1,all,2.201
7ryv_1_E,cdrH2,all,1.3319999999999999
7ryv_1_E,cdrH3,all,3.17
7ryv_1_E,cdrH1,bb,1.9909999999999999
7ryv_1_E,cdrH2,bb,1.298
7ryv_1_E,cdrH3,bb,2.7939999999999996
7ryv_1_E,cdrH1,sc,1.4509999999999998
7ryv_1_E,cdrH2,sc,0.207
7ryv_1_E,cdrH3,sc,1.194
7mu4_1_H,cdrH1,all,0.991
7mu4_1_H,cdrH2,all,1.11
7mu4_1_H,cdrH3,all,3.989
7mu4_1_H,cdrH1,bb,1.006
7mu4_1_H,cdrH2,bb,1.038
7mu4_1_H,cdrH3,bb,3.918
7mu4_1_H,cdrH1,sc,0.361
7mu4_1_H,cdrH2,sc,1.615
7mu4_1_H,cdrH3,sc,1.33
7s5p_1_H,cdrH1,all,0.616
7s5p_1_H,cdrH2,all,0.313
7s5p_1_H,cdrH3,all,4.146
7s5p_1_H,cdrH1,bb,0.626
7s5p_1_H,cdrH2,bb,0.287
7s5p_1_H,cdrH3,bb,3.9739999999999998
7s5p_1_H,cdrH1,sc,1.26
7s5p_1_H,cdrH2,sc,0.721
7s5p_1_H,cdrH3,sc,1.143
7so9_2_C,cdrH1,all,0.7909999999999999
7so9_2_C,cdrH2,all,0.6609999999999999
7so9_2_C,cdrH3,all,2.081
7so9_2_C,cdrH1,bb,0.775
7so9_2_C,cdrH2,bb,0.532
7so9_2_C,cdrH3,bb,1.98
7so9_2_C,cdrH1,sc,1.483
7so9_2_C,cdrH2,sc,0.812
7so9_2_C,cdrH3,sc,1.307
7rew_2_A,cdrH1,all,0.769
7rew_2_A,cdrH2,all,0.6
7rew_2_A,cdrH3,all,2.22
7rew_2_A,cdrH1,bb,0.769
7rew_2_A,cdrH2,bb,0.6
7rew_2_A,cdrH3,bb,2.22
7rew_2_A,cdrH1,sc,0.745
7rew_2_A,cdrH2,sc,1.445
7rew_2_A,cdrH3,sc,1.3840000000000001
7mx8_1_H,cdrH1,all,2.8489999999999998
7mx8_1_H,cdrH2,all,1.341
7mx8_1_H,cdrH3,all,7.489
7mx8_1_H,cdrH1,bb,2.8310000000000004
7mx8_1_H,cdrH2,bb,1.131
7mx8_1_H,cdrH3,bb,7.462999999999999
7mx8_1_H,cdrH1,sc,3.8089999999999997
7mx8_1_H,cdrH2,sc,0.483
7mx8_1_H,cdrH3,sc,3.009
7st8_1_H,cdrH1,all,0.711
7st8_1_H,cdrH2,all,0.6920000000000001
7st8_1_H,cdrH3,all,2.638
7st8_1_H,cdrH1,bb,0.721
7st8_1_H,cdrH2,bb,0.679
7st8_1_H,cdrH3,bb,2.502
7st8_1_H,cdrH1,sc,0.301
7st8_1_H,cdrH2,sc,0.787
7st8_1_H,cdrH3,sc,1.7369999999999999
7tyv_1_D,cdrH1,all,0.99
7tyv_1_D,cdrH2,all,0.672
7tyv_1_D,cdrH3,all,0.9990000000000001
7tyv_1_D,cdrH1,bb,0.83
7tyv_1_D,cdrH2,bb,0.583
7tyv_1_D,cdrH3,bb,0.986
7tyv_1_D,cdrH1,sc,1.68
7tyv_1_D,cdrH2,sc,1.081
7tyv_1_D,cdrH3,sc,1.3130000000000002
7lkg_2_D,cdrH1,all,0.602
7lkg_2_D,cdrH2,all,0.9179999999999999
7lkg_2_D,cdrH3,all,6.126
7lkg_2_D,cdrH1,bb,0.609
7lkg_2_D,cdrH2,bb,0.858
7lkg_2_D,cdrH3,bb,5.96
7lkg_2_D,cdrH1,sc,0.569
7lkg_2_D,cdrH2,sc,1.244
7lkg_2_D,cdrH3,sc,1.167
7rqr_2_H,cdrH1,all,2.48
7rqr_2_H,cdrH2,all,1.473
7rqr_2_H,cdrH3,all,7.188
7rqr_2_H,cdrH1,bb,2.38
7rqr_2_H,cdrH2,bb,1.4709999999999999
7rqr_2_H,cdrH3,bb,7.396
7rqr_2_H,cdrH1,sc,0.789
7rqr_2_H,cdrH2,sc,0.8809999999999999
7rqr_2_H,cdrH3,sc,2.463
7lyv_3_A,cdrH1,all,2.396
7lyv_3_A,cdrH2,all,1.9269999999999998
7lyv_3_A,cdrH3,all,1.7169999999999999
7lyv_3_A,cdrH1,bb,1.597
7lyv_3_A,cdrH2,bb,0.39
7lyv_3_A,cdrH3,bb,0.486
7lyv_3_A,cdrH1,sc,0.976
7lyv_3_A,cdrH2,sc,0.456
7lyv_3_A,cdrH3,sc,1.102
7mzm_1_H,cdrH1,all,0.721
7mzm_1_H,cdrH2,all,0.927
7mzm_1_H,cdrH3,all,3.9760000000000004
7mzm_1_H,cdrH1,bb,0.693
7mzm_1_H,cdrH2,bb,0.898
7mzm_1_H,cdrH3,bb,3.8739999999999997
7mzm_1_H,cdrH1,sc,1.153
7mzm_1_H,cdrH2,sc,1.4569999999999999
7mzm_1_H,cdrH3,sc,1.124
7tow_2_A,cdrH1,all,1.2329999999999999
7tow_2_A,cdrH2,all,1.185
7tow_2_A,cdrH3,all,7.343999999999999
7tow_2_A,cdrH1,bb,1.208
7tow_2_A,cdrH2,bb,0.759
7tow_2_A,cdrH3,bb,7.278
7tow_2_A,cdrH1,sc,1.1320000000000001
7tow_2_A,cdrH2,sc,1.4269999999999998
7tow_2_A,cdrH3,sc,1.4480000000000002
7rm0_1_A,cdrH1,all,0.531
7rm0_1_A,cdrH2,all,0.805
7rm0_1_A,cdrH3,all,0.85
7rm0_1_A,cdrH1,bb,0.514
7rm0_1_A,cdrH2,bb,0.762
7rm0_1_A,cdrH3,bb,0.7829999999999999
7rm0_1_A,cdrH1,sc,1.054
7rm0_1_A,cdrH2,sc,0.39799999999999996
7rm0_1_A,cdrH3,sc,1.469
7rfb_2_H,cdrH1,all,2.009
7rfb_2_H,cdrH2,all,0.9940000000000001
7rfb_2_H,cdrH3,all,5.442
7rfb_2_H,cdrH1,bb,1.99
7rfb_2_H,cdrH2,bb,0.9309999999999999
7rfb_2_H,cdrH3,bb,5.289
7rfb_2_H,cdrH1,sc,0.845
7rfb_2_H,cdrH2,sc,1.168
7rfb_2_H,cdrH3,sc,1.8259999999999998
7ps3_1_H,cdrH1,all,0.601
7ps3_1_H,cdrH2,all,0.507
7ps3_1_H,cdrH3,all,1.422
7ps3_1_H,cdrH1,bb,0.602
7ps3_1_H,cdrH2,bb,0.486
7ps3_1_H,cdrH3,bb,1.412
7ps3_1_H,cdrH1,sc,1.2770000000000001
7ps3_1_H,cdrH2,sc,0.237
7ps3_1_H,cdrH3,sc,0.956
7rxp_1_H,cdrH1,all,0.418
7rxp_1_H,cdrH2,all,1.6159999999999999
7rxp_1_H,cdrH3,all,4.752
7rxp_1_H,cdrH1,bb,0.429
7rxp_1_H,cdrH2,bb,1.0
7rxp_1_H,cdrH3,bb,4.1419999999999995
7rxp_1_H,cdrH1,sc,0.242
7rxp_1_H,cdrH2,sc,0.866
7rxp_1_H,cdrH3,sc,1.555
7rlv_1_A,cdrH1,all,0.42100000000000004
7rlv_1_A,cdrH2,all,1.139
7rlv_1_A,cdrH3,all,2.34
7rlv_1_A,cdrH1,bb,0.434
7rlv_1_A,cdrH2,bb,0.58
7rlv_1_A,cdrH3,bb,1.808
7rlv_1_A,cdrH1,sc,0.8079999999999999
7rlv_1_A,cdrH2,sc,0.455
7rlv_1_A,cdrH3,sc,1.65
7rcs_2_A,cdrH1,all,0.764
7rcs_2_A,cdrH2,all,0.856
7rcs_2_A,cdrH3,all,5.619
7rcs_2_A,cdrH1,bb,0.787
7rcs_2_A,cdrH2,bb,0.889
7rcs_2_A,cdrH3,bb,5.689
7rcs_2_A,cdrH1,sc,0.65
7rcs_2_A,cdrH2,sc,1.0859999999999999
7rcs_2_A,cdrH3,sc,1.453
7s0x_2_C,cdrH1,all,1.0270000000000001
7s0x_2_C,cdrH2,all,0.677
7s0x_2_C,cdrH3,all,1.151
7s0x_2_C,cdrH1,bb,0.529
7s0x_2_C,cdrH2,bb,0.591
7s0x_2_C,cdrH3,bb,1.21
7s0x_2_C,cdrH1,sc,1.455
7s0x_2_C,cdrH2,sc,1.4340000000000002
7s0x_2_C,cdrH3,sc,0.9670000000000001
7wkx_2_B,cdrH1,all,4.978
7wkx_2_B,cdrH2,all,1.2790000000000001
7wkx_2_B,cdrH3,all,0.899
7wkx_2_B,cdrH1,bb,4.216
7wkx_2_B,cdrH2,bb,1.175
7wkx_2_B,cdrH3,bb,0.809
7wkx_2_B,cdrH1,sc,2.093
7wkx_2_B,cdrH2,sc,0.888
7wkx_2_B,cdrH3,sc,1.0090000000000001
7rxi_1_H,cdrH1,all,0.589
7rxi_1_H,cdrH2,all,0.696
7rxi_1_H,cdrH3,all,2.4659999999999997
7rxi_1_H,cdrH1,bb,0.591
7rxi_1_H,cdrH2,bb,0.695
7rxi_1_H,cdrH3,bb,2.289
7rxi_1_H,cdrH1,sc,0.588
7rxi_1_H,cdrH2,sc,0.244
7rxi_1_H,cdrH3,sc,2.117
7l0l_1_H,cdrH1,all,3.4939999999999998
7l0l_1_H,cdrH2,all,1.1340000000000001
7l0l_1_H,cdrH3,all,0.83
7l0l_1_H,cdrH1,bb,3.105
7l0l_1_H,cdrH2,bb,1.137
7l0l_1_H,cdrH3,bb,0.499
7l0l_1_H,cdrH1,sc,2.022
7l0l_1_H,cdrH2,sc,0.5329999999999999
7l0l_1_H,cdrH3,sc,1.022
7mw2_1_D,cdrH1,all,0.6459999999999999
7mw2_1_D,cdrH2,all,0.765
7mw2_1_D,cdrH3,all,1.558
7mw2_1_D,cdrH1,bb,0.8959999999999999
7mw2_1_D,cdrH2,bb,0.898
7mw2_1_D,cdrH3,bb,1.19
7mw2_1_D,cdrH1,sc,1.0170000000000001
7mw2_1_D,cdrH2,sc,0.667
7mw2_1_D,cdrH3,sc,1.357
7lkb_2_B,cdrH1,all,1.369
7lkb_2_B,cdrH2,all,1.3630000000000002
7lkb_2_B,cdrH3,all,1.357
7lkb_2_B,cdrH1,bb,1.3619999999999999
7lkb_2_B,cdrH2,bb,1.3940000000000001
7lkb_2_B,cdrH3,bb,1.3780000000000001
7lkb_2_B,cdrH1,sc,0.507
7lkb_2_B,cdrH2,sc,0.958
7lkb_2_B,cdrH3,sc,1.178
7rqp_1_A,cdrH1,all,4.173
7rqp_1_A,cdrH2,all,2.233
7rqp_1_A,cdrH3,all,6.166
7rqp_1_A,cdrH1,bb,3.5410000000000004
7rqp_1_A,cdrH2,bb,2.066
7rqp_1_A,cdrH3,bb,5.684
7rqp_1_A,cdrH1,sc,2.467
7rqp_1_A,cdrH2,sc,1.3730000000000002
7rqp_1_A,cdrH3,sc,2.161
7mlh_2_E,cdrH1,all,1.421
7mlh_2_E,cdrH2,all,2.2680000000000002
7mlh_2_E,cdrH3,all,2.759
7mlh_2_E,cdrH1,bb,1.33
7mlh_2_E,cdrH2,bb,1.883
7mlh_2_E,cdrH3,bb,2.656
7mlh_2_E,cdrH1,sc,0.965
7mlh_2_E,cdrH2,sc,0.65
7mlh_2_E,cdrH3,sc,1.177
7wwm_1_H,cdrH1,all,1.102
7wwm_1_H,cdrH2,all,1.892
7wwm_1_H,cdrH3,all,2.523
7wwm_1_H,cdrH1,bb,1.102
7wwm_1_H,cdrH2,bb,1.892
7wwm_1_H,cdrH3,bb,2.523
7wwm_1_H,cdrH1,sc,0.893
7wwm_1_H,cdrH2,sc,0.8420000000000001
7wwm_1_H,cdrH3,sc,2.381
7sd5_1_H,cdrH1,all,1.253
7sd5_1_H,cdrH2,all,1.5119999999999998
7sd5_1_H,cdrH3,all,2.576
7sd5_1_H,cdrH1,bb,1.255
7sd5_1_H,cdrH2,bb,1.405
7sd5_1_H,cdrH3,bb,2.417
7sd5_1_H,cdrH1,sc,0.48100000000000004
7sd5_1_H,cdrH2,sc,1.577
7sd5_1_H,cdrH3,sc,1.39
7ryu_1_H,cdrH1,all,3.592
7ryu_1_H,cdrH2,all,1.217
7ryu_1_H,cdrH3,all,1.538
7ryu_1_H,cdrH1,bb,3.592
7ryu_1_H,cdrH2,bb,1.215
7ryu_1_H,cdrH3,bb,1.419
7ryu_1_H,cdrH1,sc,1.256
7ryu_1_H,cdrH2,sc,0.95
7ryu_1_H,cdrH3,sc,1.003
7q0i_2_A,cdrH1,all,0.737
7q0i_2_A,cdrH2,all,0.521
7q0i_2_A,cdrH3,all,4.954
7q0i_2_A,cdrH1,bb,0.737
7q0i_2_A,cdrH2,bb,0.51
7q0i_2_A,cdrH3,bb,4.9430000000000005
7q0i_2_A,cdrH1,sc,0.6809999999999999
7q0i_2_A,cdrH2,sc,0.638
7q0i_2_A,cdrH3,sc,0.851
7sem_1_B,cdrH1,all,0.52
7sem_1_B,cdrH2,all,0.684
7sem_1_B,cdrH3,all,2.451
7sem_1_B,cdrH1,bb,0.52
7sem_1_B,cdrH2,bb,0.569
7sem_1_B,cdrH3,bb,2.377
7sem_1_B,cdrH1,sc,0.802
7sem_1_B,cdrH2,sc,1.4180000000000001
7sem_1_B,cdrH3,sc,1.081
7e6p_1_H,cdrH1,all,0.94
7e6p_1_H,cdrH2,all,1.171
7e6p_1_H,cdrH3,all,0.664
7e6p_1_H,cdrH1,bb,0.945
7e6p_1_H,cdrH2,bb,1.042
7e6p_1_H,cdrH3,bb,0.629
7e6p_1_H,cdrH1,sc,0.88
7e6p_1_H,cdrH2,sc,0.491
7e6p_1_H,cdrH3,sc,0.6559999999999999
7rt9_2_C,cdrH1,all,1.785
7rt9_2_C,cdrH2,all,1.43
7rt9_2_C,cdrH3,all,1.442
7rt9_2_C,cdrH1,bb,1.7369999999999999
7rt9_2_C,cdrH2,bb,1.291
7rt9_2_C,cdrH3,bb,1.161
7rt9_2_C,cdrH1,sc,1.0390000000000001
7rt9_2_C,cdrH2,sc,0.263
7rt9_2_C,cdrH3,sc,1.165
7vyr_2_A,cdrH1,all,1.7180000000000002
7vyr_2_A,cdrH2,all,1.252
7vyr_2_A,cdrH3,all,1.101
7vyr_2_A,cdrH1,bb,1.771
7vyr_2_A,cdrH2,bb,1.2329999999999999
7vyr_2_A,cdrH3,bb,0.505
7vyr_2_A,cdrH1,sc,1.192
7vyr_2_A,cdrH2,sc,1.1179999999999999
7vyr_2_A,cdrH3,sc,0.662
7su0_1_H,cdrH1,all,0.478
7su0_1_H,cdrH2,all,0.898
7su0_1_H,cdrH3,all,2.395
7su0_1_H,cdrH1,bb,0.47600000000000003
7su0_1_H,cdrH2,bb,0.82
7su0_1_H,cdrH3,bb,2.092
7su0_1_H,cdrH1,sc,1.126
7su0_1_H,cdrH2,sc,1.395
7su0_1_H,cdrH3,sc,1.381
7rd9_1_H,cdrH1,all,0.9540000000000001
7rd9_1_H,cdrH2,all,0.9
7rd9_1_H,cdrH3,all,5.91
7rd9_1_H,cdrH1,bb,0.951
7rd9_1_H,cdrH2,bb,0.929
7rd9_1_H,cdrH3,bb,6.035
7rd9_1_H,cdrH1,sc,0.713
7rd9_1_H,cdrH2,sc,0.331
7rd9_1_H,cdrH3,sc,1.138
7zff_1_H,cdrH1,all,1.482
7zff_1_H,cdrH2,all,1.5
7zff_1_H,cdrH3,all,4.11
7zff_1_H,cdrH1,bb,1.4580000000000002
7zff_1_H,cdrH2,bb,1.422
7zff_1_H,cdrH3,bb,4.039
7zff_1_H,cdrH1,sc,1.423
7zff_1_H,cdrH2,sc,0.48200000000000004
7zff_1_H,cdrH3,sc,1.3780000000000001
7mrz_1_X,cdrH1,all,3.51
7mrz_1_X,cdrH2,all,0.583
7mrz_1_X,cdrH3,all,0.6629999999999999
7mrz_1_X,cdrH1,bb,3.455
7mrz_1_X,cdrH2,bb,0.568
7mrz_1_X,cdrH3,bb,0.5539999999999999
7mrz_1_X,cdrH1,sc,1.912
7mrz_1_X,cdrH2,sc,0.778
7mrz_1_X,cdrH3,sc,1.2009999999999998
7k9j_1_H,cdrH1,all,1.139
7k9j_1_H,cdrH2,all,1.4369999999999998
7k9j_1_H,cdrH3,all,0.973
7k9j_1_H,cdrH1,bb,1.143
7k9j_1_H,cdrH2,bb,1.4709999999999999
7k9j_1_H,cdrH3,bb,0.9259999999999999
7k9j_1_H,cdrH1,sc,0.863
7k9j_1_H,cdrH2,sc,1.534
7k9j_1_H,cdrH3,sc,0.8390000000000001
7rda_1_H,cdrH1,all,0.64
7rda_1_H,cdrH2,all,0.858
7rda_1_H,cdrH3,all,5.867000000000001
7rda_1_H,cdrH1,bb,0.647
7rda_1_H,cdrH2,bb,0.8759999999999999
7rda_1_H,cdrH3,bb,5.961
7rda_1_H,cdrH1,sc,0.486
7rda_1_H,cdrH2,sc,0.735
7rda_1_H,cdrH3,sc,1.3330000000000002
7ps1_1_A,cdrH1,all,0.919
7ps1_1_A,cdrH2,all,1.07
7ps1_1_A,cdrH3,all,1.819
7ps1_1_A,cdrH1,bb,0.861
7ps1_1_A,cdrH2,bb,1.047
7ps1_1_A,cdrH3,bb,1.86
7ps1_1_A,cdrH1,sc,1.216
7ps1_1_A,cdrH2,sc,0.42100000000000004
7ps1_1_A,cdrH3,sc,0.6679999999999999
7k7h_1_H,cdrH1,all,1.528
7k7h_1_H,cdrH2,all,1.103
7k7h_1_H,cdrH3,all,1.758
7k7h_1_H,cdrH1,bb,1.56
7k7h_1_H,cdrH2,bb,1.085
7k7h_1_H,cdrH3,bb,1.7169999999999999
7k7h_1_H,cdrH1,sc,1.006
7k7h_1_H,cdrH2,sc,1.084
7k7h_1_H,cdrH3,sc,0.9590000000000001
7kx4_1_D,cdrH1,all,0.3
7kx4_1_D,cdrH2,all,1.015
7kx4_1_D,cdrH3,all,0.955
7kx4_1_D,cdrH1,bb,0.306
7kx4_1_D,cdrH2,bb,1.034
7kx4_1_D,cdrH3,bb,0.687
7kx4_1_D,cdrH1,sc,0.866
7kx4_1_D,cdrH2,sc,0.7959999999999999
7kx4_1_D,cdrH3,sc,1.37
7kqk_2_H,cdrH1,all,0.851
7kqk_2_H,cdrH2,all,0.868
7kqk_2_H,cdrH3,all,2.556
7kqk_2_H,cdrH1,bb,0.597
7kqk_2_H,cdrH2,bb,0.79
7kqk_2_H,cdrH3,bb,2.372
7kqk_2_H,cdrH1,sc,0.615
7kqk_2_H,cdrH2,sc,0.693
7kqk_2_H,cdrH3,sc,1.157
7rd4_2_A,cdrH1,all,1.047
7rd4_2_A,cdrH2,all,0.892
7rd4_2_A,cdrH3,all,5.654
7rd4_2_A,cdrH1,bb,1.035
7rd4_2_A,cdrH2,bb,0.907
7rd4_2_A,cdrH3,bb,5.787000000000001
7rd4_2_A,cdrH1,sc,0.905
7rd4_2_A,cdrH2,sc,0.634
7rd4_2_A,cdrH3,sc,1.1
7b0b_1_H,cdrH1,all,1.112
7b0b_1_H,cdrH2,all,0.9590000000000001
7b0b_1_H,cdrH3,all,2.753
7b0b_1_H,cdrH1,bb,1.091
7b0b_1_H,cdrH2,bb,0.977
7b0b_1_H,cdrH3,bb,2.759
7b0b_1_H,cdrH1,sc,1.751
7b0b_1_H,cdrH2,sc,0.316
7b0b_1_H,cdrH3,sc,1.6469999999999998
7pqy_1_H,cdrH1,all,1.187
7pqy_1_H,cdrH2,all,0.691
7pqy_1_H,cdrH3,all,5.318
7pqy_1_H,cdrH1,bb,1.206
7pqy_1_H,cdrH2,bb,0.679
7pqy_1_H,cdrH3,bb,4.966
7pqy_1_H,cdrH1,sc,0.687
7pqy_1_H,cdrH2,sc,0.389
7pqy_1_H,cdrH3,sc,1.375
7wwl_1_H,cdrH1,all,1.433
7wwl_1_H,cdrH2,all,1.71
7wwl_1_H,cdrH3,all,3.702
7wwl_1_H,cdrH1,bb,1.475
7wwl_1_H,cdrH2,bb,1.653
7wwl_1_H,cdrH3,bb,2.952
7wwl_1_H,cdrH1,sc,1.4069999999999998
7wwl_1_H,cdrH2,sc,1.74
7wwl_1_H,cdrH3,sc,2.5580000000000003
7x9e_1_A,cdrH1,all,0.664
7x9e_1_A,cdrH2,all,1.057
7x9e_1_A,cdrH3,all,2.126
7x9e_1_A,cdrH1,bb,0.664
7x9e_1_A,cdrH2,bb,1.057
7x9e_1_A,cdrH3,bb,2.126
7x9e_1_A,cdrH1,sc,0.616
7x9e_1_A,cdrH2,sc,0.43799999999999994
7x9e_1_A,cdrH3,sc,1.0070000000000001
7qny_1_A,cdrH1,all,0.71
7qny_1_A,cdrH2,all,2.376
7qny_1_A,cdrH3,all,5.693
7qny_1_A,cdrH1,bb,0.7170000000000001
7qny_1_A,cdrH2,bb,2.427
7qny_1_A,cdrH3,bb,5.584
7qny_1_A,cdrH1,sc,1.088
7qny_1_A,cdrH2,sc,0.69
7qny_1_A,cdrH3,sc,1.85
7qnx_2_A,cdrH1,all,5.131
7qnx_2_A,cdrH2,all,2.988
7qnx_2_A,cdrH3,all,2.9339999999999997
7qnx_2_A,cdrH1,bb,5.1160000000000005
7qnx_2_A,cdrH2,bb,2.9339999999999997
7qnx_2_A,cdrH3,bb,2.725
7qnx_2_A,cdrH1,sc,1.159
7qnx_2_A,cdrH2,sc,2.72
7qnx_2_A,cdrH3,sc,0.919
7bh8_2_E,cdrH1,all,1.45
7bh8_2_E,cdrH2,all,0.85
7bh8_2_E,cdrH3,all,5.949
7bh8_2_E,cdrH1,bb,1.452
7bh8_2_E,cdrH2,bb,0.7859999999999999
7bh8_2_E,cdrH3,bb,6.0889999999999995
7bh8_2_E,cdrH1,sc,0.652
7bh8_2_E,cdrH2,sc,0.637
7bh8_2_E,cdrH3,sc,2.103
7raj_1_H,cdrH1,all,0.9620000000000001
7raj_1_H,cdrH2,all,0.836
7raj_1_H,cdrH3,all,6.104
7raj_1_H,cdrH1,bb,0.8240000000000001
7raj_1_H,cdrH2,bb,0.768
7raj_1_H,cdrH3,bb,5.915
7raj_1_H,cdrH1,sc,1.4580000000000002
7raj_1_H,cdrH2,sc,1.31
7raj_1_H,cdrH3,sc,1.335
7qu1_1_A,cdrH1,all,0.363
7qu1_1_A,cdrH2,all,0.48
7qu1_1_A,cdrH3,all,1.5530000000000002
7qu1_1_A,cdrH1,bb,0.295
7qu1_1_A,cdrH2,bb,0.41200000000000003
7qu1_1_A,cdrH3,bb,1.521
7qu1_1_A,cdrH1,sc,0.8109999999999999
7qu1_1_A,cdrH2,sc,0.8
7qu1_1_A,cdrH3,sc,1.42
7n0x_1_H,cdrH1,all,0.696
7n0x_1_H,cdrH2,all,0.809
7n0x_1_H,cdrH3,all,3.384
7n0x_1_H,cdrH1,bb,0.7
7n0x_1_H,cdrH2,bb,0.7290000000000001
7n0x_1_H,cdrH3,bb,3.234
7n0x_1_H,cdrH1,sc,0.754
7n0x_1_H,cdrH2,sc,0.861
7n0x_1_H,cdrH3,sc,1.544
7lf7_1_A,cdrH1,all,0.574
7lf7_1_A,cdrH2,all,0.506
7lf7_1_A,cdrH3,all,2.763
7lf7_1_A,cdrH1,bb,0.5379999999999999
7lf7_1_A,cdrH2,bb,0.47600000000000003
7lf7_1_A,cdrH3,bb,2.641
7lf7_1_A,cdrH1,sc,0.972
7lf7_1_A,cdrH2,sc,0.36
7lf7_1_A,cdrH3,sc,1.565
7si0_1_I,cdrH1,all,1.361
7si0_1_I,cdrH2,all,1.2690000000000001
7si0_1_I,cdrH3,all,3.1510000000000002
7si0_1_I,cdrH1,bb,1.379
7si0_1_I,cdrH2,bb,1.225
7si0_1_I,cdrH3,bb,2.807
7si0_1_I,cdrH1,sc,0.52
7si0_1_I,cdrH2,sc,0.7509999999999999
7si0_1_I,cdrH3,sc,0.935
7tp3_1_H,cdrH1,all,0.465
7tp3_1_H,cdrH2,all,0.609
7tp3_1_H,cdrH3,all,3.475
7tp3_1_H,cdrH1,bb,0.418
7tp3_1_H,cdrH2,bb,0.379
7tp3_1_H,cdrH3,bb,3.085
7tp3_1_H,cdrH1,sc,1.032
7tp3_1_H,cdrH2,sc,0.373
7tp3_1_H,cdrH3,sc,1.423
7ps2_2_H,cdrH1,all,3.7439999999999998
7ps2_2_H,cdrH2,all,0.759
7ps2_2_H,cdrH3,all,3.145
7ps2_2_H,cdrH1,bb,3.705
7ps2_2_H,cdrH2,bb,0.843
7ps2_2_H,cdrH3,bb,3.015
7ps2_2_H,cdrH1,sc,2.3890000000000002
7ps2_2_H,cdrH2,sc,1.204
7ps2_2_H,cdrH3,sc,2.301
7a0w_1_C,cdrH1,all,0.27399999999999997
7a0w_1_C,cdrH2,all,1.8559999999999999
7a0w_1_C,cdrH3,all,0.629
7a0w_1_C,cdrH1,bb,0.27399999999999997
7a0w_1_C,cdrH2,bb,1.8559999999999999
7a0w_1_C,cdrH3,bb,0.629
7a0w_1_C,cdrH1,sc,0.46
7a0w_1_C,cdrH2,sc,1.17
7a0w_1_C,cdrH3,sc,2.3819999999999997
6ldx_1_H,cdrH1,all,1.0959999999999999
6ldx_1_H,cdrH2,all,0.833
6ldx_1_H,cdrH3,all,1.253
6ldx_1_H,cdrH1,bb,1.074
6ldx_1_H,cdrH2,bb,0.7759999999999999
6ldx_1_H,cdrH3,bb,1.26
6ldx_1_H,cdrH1,sc,0.284
6ldx_1_H,cdrH2,sc,0.358
6ldx_1_H,cdrH3,sc,1.074
7msq_2_H,cdrH1,all,1.808
7msq_2_H,cdrH2,all,1.1740000000000002
7msq_2_H,cdrH3,all,6.727
7msq_2_H,cdrH1,bb,1.636
7msq_2_H,cdrH2,bb,1.1640000000000001
7msq_2_H,cdrH3,bb,6.605
7msq_2_H,cdrH1,sc,1.1
7msq_2_H,cdrH2,sc,0.647
7msq_2_H,cdrH3,sc,2.248
7rxl_2_C,cdrH1,all,0.29600000000000004
7rxl_2_C,cdrH2,all,0.295
7rxl_2_C,cdrH3,all,2.6639999999999997
7rxl_2_C,cdrH1,bb,0.303
7rxl_2_C,cdrH2,bb,0.294
7rxl_2_C,cdrH3,bb,2.6639999999999997
7rxl_2_C,cdrH1,sc,0.6609999999999999
7rxl_2_C,cdrH2,sc,0.262
7rxl_2_C,cdrH3,sc,0.607
7vyt_2_H,cdrH1,all,3.9619999999999997
7vyt_2_H,cdrH2,all,2.434
7vyt_2_H,cdrH3,all,1.6380000000000001
7vyt_2_H,cdrH1,bb,3.8160000000000003
7vyt_2_H,cdrH2,bb,2.326
7vyt_2_H,cdrH3,bb,1.669
7vyt_2_H,cdrH1,sc,3.073
7vyt_2_H,cdrH2,sc,0.976
7vyt_2_H,cdrH3,sc,2.024
7kpj_2_C,cdrH1,all,0.29600000000000004
7kpj_2_C,cdrH2,all,0.581
7kpj_2_C,cdrH3,all,0.27899999999999997
7kpj_2_C,cdrH1,bb,0.302
7kpj_2_C,cdrH2,bb,0.568
7kpj_2_C,cdrH3,bb,0.26899999999999996
7kpj_2_C,cdrH1,sc,0.506
7kpj_2_C,cdrH2,sc,0.289
7kpj_2_C,cdrH3,sc,0.42700000000000005
7u2e_1_H,cdrH1,all,0.606
7u2e_1_H,cdrH2,all,0.642
7u2e_1_H,cdrH3,all,4.8580000000000005
7u2e_1_H,cdrH1,bb,0.61
7u2e_1_H,cdrH2,bb,0.59
7u2e_1_H,cdrH3,bb,5.088
7u2e_1_H,cdrH1,sc,0.894
7u2e_1_H,cdrH2,sc,0.42200000000000004
7u2e_1_H,cdrH3,sc,1.41
7rxj_2_H,cdrH1,all,0.652
7rxj_2_H,cdrH2,all,0.902
7rxj_2_H,cdrH3,all,2.24
7rxj_2_H,cdrH1,bb,0.652
7rxj_2_H,cdrH2,bb,0.7020000000000001
7rxj_2_H,cdrH3,bb,2.218
7rxj_2_H,cdrH1,sc,0.767
7rxj_2_H,cdrH2,sc,0.877
7rxj_2_H,cdrH3,sc,1.069
7u8c_1_H,cdrH1,all,0.6709999999999999
7u8c_1_H,cdrH2,all,0.599
7u8c_1_H,cdrH3,all,1.341
7u8c_1_H,cdrH1,bb,0.6729999999999999
7u8c_1_H,cdrH2,bb,0.5710000000000001
7u8c_1_H,cdrH3,bb,0.8029999999999999
7u8c_1_H,cdrH1,sc,0.943
7u8c_1_H,cdrH2,sc,0.4
7u8c_1_H,cdrH3,sc,1.095
7ams_1_H,cdrH1,all,0.635
7ams_1_H,cdrH2,all,0.581
7ams_1_H,cdrH3,all,4.191
7ams_1_H,cdrH1,bb,0.36
7ams_1_H,cdrH2,bb,0.536
7ams_1_H,cdrH3,bb,3.991
7ams_1_H,cdrH1,sc,1.349
7ams_1_H,cdrH2,sc,0.8170000000000001
7ams_1_H,cdrH3,sc,1.71
7shz_1_K,cdrH1,all,1.304
7shz_1_K,cdrH2,all,1.9480000000000002
7shz_1_K,cdrH3,all,2.245
7shz_1_K,cdrH1,bb,1.317
7shz_1_K,cdrH2,bb,1.274
7shz_1_K,cdrH3,bb,2.073
7shz_1_K,cdrH1,sc,0.493
7shz_1_K,cdrH2,sc,1.298
7shz_1_K,cdrH3,sc,0.752
7phw_2_E,cdrH1,all,0.722
7phw_2_E,cdrH2,all,0.521
7phw_2_E,cdrH3,all,2.07
7phw_2_E,cdrH1,bb,0.722
7phw_2_E,cdrH2,bb,0.521
7phw_2_E,cdrH3,bb,2.07
7phw_2_E,cdrH1,sc,0.556
7phw_2_E,cdrH2,sc,0.9059999999999999
7phw_2_E,cdrH3,sc,0.9159999999999999
7l7r_2_D,cdrH1,all,1.104
7l7r_2_D,cdrH2,all,0.7040000000000001
7l7r_2_D,cdrH3,all,0.7240000000000001
7l7r_2_D,cdrH1,bb,1.137
7l7r_2_D,cdrH2,bb,0.665
7l7r_2_D,cdrH3,bb,0.6509999999999999
7l7r_2_D,cdrH1,sc,0.467
7l7r_2_D,cdrH2,sc,0.447
7l7r_2_D,cdrH3,sc,0.882
7k7r_2_E,cdrH1,all,0.6940000000000001
7k7r_2_E,cdrH2,all,1.026
7k7r_2_E,cdrH3,all,3.293
7k7r_2_E,cdrH1,bb,0.691
7k7r_2_E,cdrH2,bb,1.015
7k7r_2_E,cdrH3,bb,2.864
7k7r_2_E,cdrH1,sc,0.6829999999999999
7k7r_2_E,cdrH2,sc,0.446
7k7r_2_E,cdrH3,sc,0.795
7pr0_1_H,cdrH1,all,1.364
7pr0_1_H,cdrH2,all,1.492
7pr0_1_H,cdrH3,all,10.5
7pr0_1_H,cdrH1,bb,1.364
7pr0_1_H,cdrH2,bb,1.492
7pr0_1_H,cdrH3,bb,10.5
7pr0_1_H,cdrH1,sc,1.0759999999999998
7pr0_1_H,cdrH2,sc,0.8109999999999999
7pr0_1_H,cdrH3,sc,1.219
7t4q_2_I,cdrH1,all,0.436
7t4q_2_I,cdrH2,all,0.531
7t4q_2_I,cdrH3,all,0.746
7t4q_2_I,cdrH1,bb,0.507
7t4q_2_I,cdrH2,bb,0.528
7t4q_2_I,cdrH3,bb,0.754
7t4q_2_I,cdrH1,sc,0.7090000000000001
7t4q_2_I,cdrH2,sc,0.19699999999999998
7t4q_2_I,cdrH3,sc,1.102
7fjs_2_C,cdrH1,all,0.81
7fjs_2_C,cdrH2,all,1.225
7fjs_2_C,cdrH3,all,2.702
7fjs_2_C,cdrH1,bb,0.813
7fjs_2_C,cdrH2,bb,0.899
7fjs_2_C,cdrH3,bb,2.388
7fjs_2_C,cdrH1,sc,1.4580000000000002
7fjs_2_C,cdrH2,sc,0.8290000000000001
7fjs_2_C,cdrH3,sc,1.405
7s4g_1_A,cdrH1,all,0.8320000000000001
7s4g_1_A,cdrH2,all,0.6459999999999999
7s4g_1_A,cdrH3,all,1.085
7s4g_1_A,cdrH1,bb,0.8340000000000001
7s4g_1_A,cdrH2,bb,0.608
7s4g_1_A,cdrH3,bb,0.958
7s4g_1_A,cdrH1,sc,0.48700000000000004
7s4g_1_A,cdrH2,sc,0.759
7s4g_1_A,cdrH3,sc,0.985
6ldy_2_H,cdrH1,all,0.599
6ldy_2_H,cdrH2,all,0.532
6ldy_2_H,cdrH3,all,0.973
6ldy_2_H,cdrH1,bb,0.5429999999999999
6ldy_2_H,cdrH2,bb,0.537
6ldy_2_H,cdrH3,bb,0.983
6ldy_2_H,cdrH1,sc,1.34
6ldy_2_H,cdrH2,sc,0.539
6ldy_2_H,cdrH3,sc,1.541
7so5_1_H,cdrH1,all,1.3559999999999999
7so5_1_H,cdrH2,all,0.517
7so5_1_H,cdrH3,all,4.427
7so5_1_H,cdrH1,bb,1.171
7so5_1_H,cdrH2,bb,0.34700000000000003
7so5_1_H,cdrH3,bb,3.8960000000000004
7so5_1_H,cdrH1,sc,1.0090000000000001
7so5_1_H,cdrH2,sc,0.669
7so5_1_H,cdrH3,sc,1.5759999999999998
7sn1_1_H,cdrH1,all,0.34600000000000003
7sn1_1_H,cdrH2,all,0.542
7sn1_1_H,cdrH3,all,1.953
7sn1_1_H,cdrH1,bb,0.349
7sn1_1_H,cdrH2,bb,0.44
7sn1_1_H,cdrH3,bb,1.736
7sn1_1_H,cdrH1,sc,0.6859999999999999
7sn1_1_H,cdrH2,sc,0.8109999999999999
7sn1_1_H,cdrH3,sc,1.422
7wpv_1_H,cdrH1,all,0.895
7wpv_1_H,cdrH2,all,1.095
7wpv_1_H,cdrH3,all,3.236
7wpv_1_H,cdrH1,bb,0.877
7wpv_1_H,cdrH2,bb,1.044
7wpv_1_H,cdrH3,bb,3.157
7wpv_1_H,cdrH1,sc,0.217
7wpv_1_H,cdrH2,sc,1.178
7wpv_1_H,cdrH3,sc,1.652
7s8g_2_H,cdrH1,all,0.858
7s8g_2_H,cdrH2,all,0.39899999999999997
7s8g_2_H,cdrH3,all,0.983
7s8g_2_H,cdrH1,bb,0.643
7s8g_2_H,cdrH2,bb,0.36700000000000005
7s8g_2_H,cdrH3,bb,0.996
7s8g_2_H,cdrH1,sc,2.0909999999999997
7s8g_2_H,cdrH2,sc,0.74
7s8g_2_H,cdrH3,sc,0.935
7n6p_2_A,cdrH1,all,0.78
7n6p_2_A,cdrH2,all,1.08
7n6p_2_A,cdrH3,all,6.082999999999999
7n6p_2_A,cdrH1,bb,0.7909999999999999
7n6p_2_A,cdrH2,bb,1.1420000000000001
7n6p_2_A,cdrH3,bb,6.017
7n6p_2_A,cdrH1,sc,1.06
7n6p_2_A,cdrH2,sc,0.28800000000000003
7n6p_2_A,cdrH3,sc,2.0780000000000003
7pi7_2_E,cdrH1,all,0.6629999999999999
7pi7_2_E,cdrH2,all,0.5670000000000001
7pi7_2_E,cdrH3,all,0.565
7pi7_2_E,cdrH1,bb,0.42200000000000004
7pi7_2_E,cdrH2,bb,0.43
7pi7_2_E,cdrH3,bb,0.49200000000000005
7pi7_2_E,cdrH1,sc,1.5
7pi7_2_E,cdrH2,sc,0.622
7pi7_2_E,cdrH3,sc,0.48100000000000004
7nc0_1_H,cdrH1,all,0.546
7nc0_1_H,cdrH2,all,0.485
7nc0_1_H,cdrH3,all,1.344
7nc0_1_H,cdrH1,bb,0.5379999999999999
7nc0_1_H,cdrH2,bb,0.486
7nc0_1_H,cdrH3,bb,1.393
7nc0_1_H,cdrH1,sc,1.151
7nc0_1_H,cdrH2,sc,0.49200000000000005
7nc0_1_H,cdrH3,sc,0.915
7ps2_1_A,cdrH1,all,0.565
7ps2_1_A,cdrH2,all,1.26
7ps2_1_A,cdrH3,all,5.438
7ps2_1_A,cdrH1,bb,0.569
7ps2_1_A,cdrH2,bb,0.802
7ps2_1_A,cdrH3,bb,5.477
7ps2_1_A,cdrH1,sc,0.753
7ps2_1_A,cdrH2,sc,1.403
7ps2_1_A,cdrH3,sc,1.871
7f7e_1_C,cdrH1,all,0.575
7f7e_1_C,cdrH2,all,0.84
7f7e_1_C,cdrH3,all,4.769
7f7e_1_C,cdrH1,bb,0.578
7f7e_1_C,cdrH2,bb,0.84
7f7e_1_C,cdrH3,bb,4.524
7f7e_1_C,cdrH1,sc,0.445
7f7e_1_C,cdrH2,sc,0.604
7f7e_1_C,cdrH3,sc,1.682
7bnv_1_H,cdrH1,all,0.631
7bnv_1_H,cdrH2,all,0.551
7bnv_1_H,cdrH3,all,6.515
7bnv_1_H,cdrH1,bb,0.633
7bnv_1_H,cdrH2,bb,0.557
7bnv_1_H,cdrH3,bb,6.877000000000001
7bnv_1_H,cdrH1,sc,0.608
7bnv_1_H,cdrH2,sc,0.635
7bnv_1_H,cdrH3,sc,1.207
7shu_2_C,cdrH1,all,1.474
7shu_2_C,cdrH2,all,1.036
7shu_2_C,cdrH3,all,2.365
7shu_2_C,cdrH1,bb,1.337
7shu_2_C,cdrH2,bb,1.011
7shu_2_C,cdrH3,bb,2.199
7shu_2_C,cdrH1,sc,0.489
7shu_2_C,cdrH2,sc,0.706
7shu_2_C,cdrH3,sc,1.251
7qf0_1_H,cdrH1,all,0.789
7qf0_1_H,cdrH2,all,0.284
7qf0_1_H,cdrH3,all,0.759
7qf0_1_H,cdrH1,bb,0.7909999999999999
7qf0_1_H,cdrH2,bb,0.278
7qf0_1_H,cdrH3,bb,0.52
7qf0_1_H,cdrH1,sc,1.226
7qf0_1_H,cdrH2,sc,0.475
7qf0_1_H,cdrH3,sc,1.212
7syz_1_H,cdrH1,all,0.552
7syz_1_H,cdrH2,all,0.451
7syz_1_H,cdrH3,all,2.336
7syz_1_H,cdrH1,bb,0.555
7syz_1_H,cdrH2,bb,0.35200000000000004
7syz_1_H,cdrH3,bb,2.165
7syz_1_H,cdrH1,sc,1.0590000000000002
7syz_1_H,cdrH2,sc,0.5
7syz_1_H,cdrH3,sc,1.3359999999999999
7ps6_2_C,cdrH1,all,0.5710000000000001
7ps6_2_C,cdrH2,all,0.5920000000000001
7ps6_2_C,cdrH3,all,3.221
7ps6_2_C,cdrH1,bb,0.58
7ps6_2_C,cdrH2,bb,0.518
7ps6_2_C,cdrH3,bb,2.419
7ps6_2_C,cdrH1,sc,0.484
7ps6_2_C,cdrH2,sc,0.7509999999999999
7ps6_2_C,cdrH3,sc,0.851
7eyc_2_A,cdrH1,all,2.103
7eyc_2_A,cdrH2,all,1.452
7eyc_2_A,cdrH3,all,1.3119999999999998
7eyc_2_A,cdrH1,bb,2.1109999999999998
7eyc_2_A,cdrH2,bb,1.251
7eyc_2_A,cdrH3,bb,1.291
7eyc_2_A,cdrH1,sc,0.7759999999999999
7eyc_2_A,cdrH2,sc,1.5759999999999998
7eyc_2_A,cdrH3,sc,0.26899999999999996
7t4q_1_F,cdrH1,all,0.396
7t4q_1_F,cdrH2,all,0.665
7t4q_1_F,cdrH3,all,2.7760000000000002
7t4q_1_F,cdrH1,bb,0.371
7t4q_1_F,cdrH2,bb,0.47700000000000004
7t4q_1_F,cdrH3,bb,2.925
7t4q_1_F,cdrH1,sc,0.563
7t4q_1_F,cdrH2,sc,1.393
7t4q_1_F,cdrH3,sc,2.1
7q6c_1_H,cdrH1,all,1.032
7q6c_1_H,cdrH2,all,1.6030000000000002
7q6c_1_H,cdrH3,all,1.4169999999999998
7q6c_1_H,cdrH1,bb,1.042
7q6c_1_H,cdrH2,bb,1.567
7q6c_1_H,cdrH3,bb,1.033
7q6c_1_H,cdrH1,sc,0.9279999999999999
7q6c_1_H,cdrH2,sc,0.816
7q6c_1_H,cdrH3,sc,0.7440000000000001
7rta_1_H,cdrH1,all,1.52
7rta_1_H,cdrH2,all,1.337
7rta_1_H,cdrH3,all,0.903
7rta_1_H,cdrH1,bb,1.504
7rta_1_H,cdrH2,bb,1.3519999999999999
7rta_1_H,cdrH3,bb,0.9520000000000001
7rta_1_H,cdrH1,sc,0.968
7rta_1_H,cdrH2,sc,0.142
7rta_1_H,cdrH3,sc,1.105
7wlz_1_P,cdrH1,all,0.7859999999999999
7wlz_1_P,cdrH2,all,2.19
7wlz_1_P,cdrH3,all,3.445
7wlz_1_P,cdrH1,bb,0.7609999999999999
7wlz_1_P,cdrH2,bb,2.234
7wlz_1_P,cdrH3,bb,3.113
7wlz_1_P,cdrH1,sc,1.4780000000000002
7wlz_1_P,cdrH2,sc,1.195
7wlz_1_P,cdrH3,sc,1.775
7u2d_1_H,cdrH1,all,0.638
7u2d_1_H,cdrH2,all,0.996
7u2d_1_H,cdrH3,all,4.74
7u2d_1_H,cdrH1,bb,0.642
7u2d_1_H,cdrH2,bb,0.845
7u2d_1_H,cdrH3,bb,4.878
7u2d_1_H,cdrH1,sc,1.0979999999999999
7u2d_1_H,cdrH2,sc,0.45399999999999996
7u2d_1_H,cdrH3,sc,1.652
7coe_2_B,cdrH1,all,3.3169999999999997
7coe_2_B,cdrH2,all,0.945
7coe_2_B,cdrH3,all,3.582
7coe_2_B,cdrH1,bb,3.213
7coe_2_B,cdrH2,bb,0.875
7coe_2_B,cdrH3,bb,3.58
7coe_2_B,cdrH1,sc,2.478
7coe_2_B,cdrH2,sc,0.682
7coe_2_B,cdrH3,sc,1.656
7qf1_2_E,cdrH1,all,2.892
7qf1_2_E,cdrH2,all,1.097
7qf1_2_E,cdrH3,all,3.9410000000000003
7qf1_2_E,cdrH1,bb,2.94
7qf1_2_E,cdrH2,bb,1.225
7qf1_2_E,cdrH3,bb,3.965
7qf1_2_E,cdrH1,sc,2.414
7qf1_2_E,cdrH2,sc,0.379
7qf1_2_E,cdrH3,sc,2.08
7amq_1_H,cdrH1,all,0.42100000000000004
7amq_1_H,cdrH2,all,0.618
7amq_1_H,cdrH3,all,4.192
7amq_1_H,cdrH1,bb,0.423
7amq_1_H,cdrH2,bb,0.569
7amq_1_H,cdrH3,bb,3.9810000000000003
7amq_1_H,cdrH1,sc,1.093
7amq_1_H,cdrH2,sc,0.941
7amq_1_H,cdrH3,sc,1.8869999999999998
7qez_2_H,cdrH1,all,0.895
7qez_2_H,cdrH2,all,0.578
7qez_2_H,cdrH3,all,1.275
7qez_2_H,cdrH1,bb,0.903
7qez_2_H,cdrH2,bb,0.578
7qez_2_H,cdrH3,bb,1.2930000000000001
7qez_2_H,cdrH1,sc,0.41100000000000003
7qez_2_H,cdrH2,sc,0.20600000000000002
7qez_2_H,cdrH3,sc,0.9940000000000001
7tb8_1_D,cdrH1,all,0.812
7tb8_1_D,cdrH2,all,1.334
7tb8_1_D,cdrH3,all,1.891
7tb8_1_D,cdrH1,bb,0.8370000000000001
7tb8_1_D,cdrH2,bb,0.838
7tb8_1_D,cdrH3,bb,1.758
7tb8_1_D,cdrH1,sc,1.0190000000000001
7tb8_1_D,cdrH2,sc,0.772
7tb8_1_D,cdrH3,sc,1.162
6ldv_1_H,cdrH1,all,0.7929999999999999
6ldv_1_H,cdrH2,all,0.6709999999999999
6ldv_1_H,cdrH3,all,1.1340000000000001
6ldv_1_H,cdrH1,bb,0.7120000000000001
6ldv_1_H,cdrH2,bb,0.58
6ldv_1_H,cdrH3,bb,1.1540000000000001
6ldv_1_H,cdrH1,sc,0.73
6ldv_1_H,cdrH2,sc,0.46399999999999997
6ldv_1_H,cdrH3,sc,1.021
7dk2_1_A,cdrH1,all,1.297
7dk2_1_A,cdrH2,all,1.057
7dk2_1_A,cdrH3,all,8.833
7dk2_1_A,cdrH1,bb,1.319
7dk2_1_A,cdrH2,bb,0.888
7dk2_1_A,cdrH3,bb,8.494
7dk2_1_A,cdrH1,sc,0.992
7dk2_1_A,cdrH2,sc,0.662
7dk2_1_A,cdrH3,sc,1.344
7sbu_1_H,cdrH1,all,2.657
7sbu_1_H,cdrH2,all,1.023
7sbu_1_H,cdrH3,all,1.172
7sbu_1_H,cdrH1,bb,2.5860000000000003
7sbu_1_H,cdrH2,bb,1.065
7sbu_1_H,cdrH3,bb,0.6890000000000001
7sbu_1_H,cdrH1,sc,1.993
7sbu_1_H,cdrH2,sc,1.033
7sbu_1_H,cdrH3,sc,1.3840000000000001
7kn4_2_M,cdrH1,all,3.6710000000000003
7kn4_2_M,cdrH2,all,1.547
7kn4_2_M,cdrH3,all,3.4730000000000003
7kn4_2_M,cdrH1,bb,3.793
7kn4_2_M,cdrH2,bb,1.577
7kn4_2_M,cdrH3,bb,3.39
7kn4_2_M,cdrH1,sc,2.28
7kn4_2_M,cdrH2,sc,1.347
7kn4_2_M,cdrH3,sc,1.351
7r40_1_H,cdrH1,all,3.4730000000000003
7r40_1_H,cdrH2,all,2.09
7r40_1_H,cdrH3,all,4.765
7r40_1_H,cdrH1,bb,3.4960000000000004
7r40_1_H,cdrH2,bb,2.0909999999999997
7r40_1_H,cdrH3,bb,4.705
7r40_1_H,cdrH1,sc,1.805
7r40_1_H,cdrH2,sc,1.652
7r40_1_H,cdrH3,sc,2.693
7z0y_1_H,cdrH1,all,0.5820000000000001
7z0y_1_H,cdrH2,all,0.95
7z0y_1_H,cdrH3,all,4.698
7z0y_1_H,cdrH1,bb,0.526
7z0y_1_H,cdrH2,bb,0.9309999999999999
7z0y_1_H,cdrH3,bb,4.635
7z0y_1_H,cdrH1,sc,0.868
7z0y_1_H,cdrH2,sc,0.619
7z0y_1_H,cdrH3,sc,1.6369999999999998
7lr4_2_A,cdrH1,all,3.295
7lr4_2_A,cdrH2,all,1.546
7lr4_2_A,cdrH3,all,4.15
7lr4_2_A,cdrH1,bb,2.313
7lr4_2_A,cdrH2,bb,0.496
7lr4_2_A,cdrH3,bb,2.864
7lr4_2_A,cdrH1,sc,1.355
7lr4_2_A,cdrH2,sc,0.515
7lr4_2_A,cdrH3,sc,1.2409999999999999
7phu_1_B,cdrH1,all,0.649
7phu_1_B,cdrH2,all,0.574
7phu_1_B,cdrH3,all,4.046
7phu_1_B,cdrH1,bb,0.649
7phu_1_B,cdrH2,bb,0.574
7phu_1_B,cdrH3,bb,4.046
7phu_1_B,cdrH1,sc,0.9520000000000001
7phu_1_B,cdrH2,sc,0.498
7phu_1_B,cdrH3,sc,1.6580000000000001
7kql_1_H,cdrH1,all,1.159
7kql_1_H,cdrH2,all,1.617
7kql_1_H,cdrH3,all,2.0580000000000003
7kql_1_H,cdrH1,bb,0.9209999999999999
7kql_1_H,cdrH2,bb,1.515
7kql_1_H,cdrH3,bb,1.9069999999999998
7kql_1_H,cdrH1,sc,1.702
7kql_1_H,cdrH2,sc,1.9069999999999998
7kql_1_H,cdrH3,sc,1.828
7ps4_2_B,cdrH1,all,0.612
7ps4_2_B,cdrH2,all,0.8170000000000001
7ps4_2_B,cdrH3,all,1.777
7ps4_2_B,cdrH1,bb,0.6
7ps4_2_B,cdrH2,bb,0.812
7ps4_2_B,cdrH3,bb,1.8459999999999999
7ps4_2_B,cdrH1,sc,0.851
7ps4_2_B,cdrH2,sc,0.39899999999999997
7ps4_2_B,cdrH3,sc,1.197
7uap_1_H,cdrH1,all,1.724
7uap_1_H,cdrH2,all,3.236
7uap_1_H,cdrH3,all,4.867
7uap_1_H,cdrH1,bb,1.7
7uap_1_H,cdrH2,bb,2.748
7uap_1_H,cdrH3,bb,4.798
7uap_1_H,cdrH1,sc,1.499
7uap_1_H,cdrH2,sc,1.046
7uap_1_H,cdrH3,sc,1.6769999999999998
7lr3_2_A,cdrH1,all,0.737
7lr3_2_A,cdrH2,all,1.4880000000000002
7lr3_2_A,cdrH3,all,1.163
7lr3_2_A,cdrH1,bb,0.5589999999999999
7lr3_2_A,cdrH2,bb,1.32
7lr3_2_A,cdrH3,bb,1.149
7lr3_2_A,cdrH1,sc,0.898
7lr3_2_A,cdrH2,sc,1.229
7lr3_2_A,cdrH3,sc,0.8
7tp4_1_H,cdrH1,all,1.109
7tp4_1_H,cdrH2,all,0.956
7tp4_1_H,cdrH3,all,5.385
7tp4_1_H,cdrH1,bb,0.945
7tp4_1_H,cdrH2,bb,0.499
7tp4_1_H,cdrH3,bb,4.957
7tp4_1_H,cdrH1,sc,0.638
7tp4_1_H,cdrH2,sc,0.6459999999999999
7tp4_1_H,cdrH3,sc,0.9570000000000001
7seg_2_A,cdrH1,all,0.48100000000000004
7seg_2_A,cdrH2,all,0.8740000000000001
7seg_2_A,cdrH3,all,1.9140000000000001
7seg_2_A,cdrH1,bb,0.479
7seg_2_A,cdrH2,bb,0.467
7seg_2_A,cdrH3,bb,1.745
7seg_2_A,cdrH1,sc,0.8740000000000001
7seg_2_A,cdrH2,sc,0.946
7seg_2_A,cdrH3,sc,1.187
7tb8_3_H,cdrH1,all,0.8009999999999999
7tb8_3_H,cdrH2,all,1.187
7tb8_3_H,cdrH3,all,3.323
7tb8_3_H,cdrH1,bb,0.875
7tb8_3_H,cdrH2,bb,1.3730000000000002
7tb8_3_H,cdrH3,bb,3.2710000000000004
7tb8_3_H,cdrH1,sc,1.3659999999999999
7tb8_3_H,cdrH2,sc,1.422
7tb8_3_H,cdrH3,sc,1.413
7ue9_1_H,cdrH1,all,0.5920000000000001
7ue9_1_H,cdrH2,all,0.711
7ue9_1_H,cdrH3,all,0.907
7ue9_1_H,cdrH1,bb,0.59
7ue9_1_H,cdrH2,bb,0.6990000000000001
7ue9_1_H,cdrH3,bb,0.8590000000000001
7ue9_1_H,cdrH1,sc,1.041
7ue9_1_H,cdrH2,sc,0.555
7ue9_1_H,cdrH3,sc,0.755
7bbj_2_M,cdrH1,all,0.541
7bbj_2_M,cdrH2,all,0.8740000000000001
7bbj_2_M,cdrH3,all,1.2819999999999998
7bbj_2_M,cdrH1,bb,0.536
7bbj_2_M,cdrH2,bb,0.88
7bbj_2_M,cdrH3,bb,1.202
7bbj_2_M,cdrH1,sc,0.723
7bbj_2_M,cdrH2,sc,0.85
7bbj_2_M,cdrH3,sc,0.752
6ldw_2_B,cdrH1,all,1.173
6ldw_2_B,cdrH2,all,2.495
6ldw_2_B,cdrH3,all,0.536
6ldw_2_B,cdrH1,bb,1.158
6ldw_2_B,cdrH2,bb,2.495
6ldw_2_B,cdrH3,bb,0.491
6ldw_2_B,cdrH1,sc,0.532
6ldw_2_B,cdrH2,sc,1.033
6ldw_2_B,cdrH3,sc,0.9109999999999999
7qu2_1_A,cdrH1,all,1.222
7qu2_1_A,cdrH2,all,2.029
7qu2_1_A,cdrH3,all,4.288
7qu2_1_A,cdrH1,bb,0.914
7qu2_1_A,cdrH2,bb,1.92
7qu2_1_A,cdrH3,bb,3.487
7qu2_1_A,cdrH1,sc,0.9590000000000001
7qu2_1_A,cdrH2,sc,1.355
7qu2_1_A,cdrH3,sc,2.605
7ps0_2_B,cdrH1,all,0.685
7ps0_2_B,cdrH2,all,1.0590000000000002
7ps0_2_B,cdrH3,all,1.506
7ps0_2_B,cdrH1,bb,0.685
7ps0_2_B,cdrH2,bb,0.956
7ps0_2_B,cdrH3,bb,1.304
7ps0_2_B,cdrH1,sc,0.574
7ps0_2_B,cdrH2,sc,1.102
7ps0_2_B,cdrH3,sc,0.38299999999999995
7rqq_1_H,cdrH1,all,2.912
7rqq_1_H,cdrH2,all,1.656
7rqq_1_H,cdrH3,all,7.4270000000000005
7rqq_1_H,cdrH1,bb,2.824
7rqq_1_H,cdrH2,bb,1.692
7rqq_1_H,cdrH3,bb,7.682
7rqq_1_H,cdrH1,sc,0.912
7rqq_1_H,cdrH2,sc,0.812
7rqq_1_H,cdrH3,sc,2.004
7zf6_1_H,cdrH1,all,0.787
7zf6_1_H,cdrH2,all,1.7280000000000002
7zf6_1_H,cdrH3,all,3.57
7zf6_1_H,cdrH1,bb,0.7929999999999999
7zf6_1_H,cdrH2,bb,1.656
7zf6_1_H,cdrH3,bb,3.395
7zf6_1_H,cdrH1,sc,1.344
7zf6_1_H,cdrH2,sc,0.544
7zf6_1_H,cdrH3,sc,1.369
7cu7_1_H,cdrH1,all,0.888
7cu7_1_H,cdrH2,all,1.041
7cu7_1_H,cdrH3,all,2.818
7cu7_1_H,cdrH1,bb,0.8590000000000001
7cu7_1_H,cdrH2,bb,1.0290000000000001
7cu7_1_H,cdrH3,bb,2.3930000000000002
7cu7_1_H,cdrH1,sc,0.8109999999999999
7cu7_1_H,cdrH2,sc,0.986
7cu7_1_H,cdrH3,sc,1.209
7rd3_2_H,cdrH1,all,0.965
7rd3_2_H,cdrH2,all,0.617
7rd3_2_H,cdrH3,all,5.757999999999999
7rd3_2_H,cdrH1,bb,0.968
7rd3_2_H,cdrH2,bb,0.644
7rd3_2_H,cdrH3,bb,5.848
7rd3_2_H,cdrH1,sc,0.9540000000000001
7rd3_2_H,cdrH2,sc,0.239
7rd3_2_H,cdrH3,sc,1.459
7wph_2_H,cdrH1,all,0.8859999999999999
7wph_2_H,cdrH2,all,0.865
7wph_2_H,cdrH3,all,2.301
7wph_2_H,cdrH1,bb,0.8740000000000001
7wph_2_H,cdrH2,bb,0.785
7wph_2_H,cdrH3,bb,2.285
7wph_2_H,cdrH1,sc,0.799
7wph_2_H,cdrH2,sc,0.278
7wph_2_H,cdrH3,sc,1.756
7z0x_1_H,cdrH1,all,0.46799999999999997
7z0x_1_H,cdrH2,all,0.6990000000000001
7z0x_1_H,cdrH3,all,6.9
7z0x_1_H,cdrH1,bb,0.46799999999999997
7z0x_1_H,cdrH2,bb,0.7
7z0x_1_H,cdrH3,bb,6.9270000000000005
7z0x_1_H,cdrH1,sc,0.41
7z0x_1_H,cdrH2,sc,0.7440000000000001
7z0x_1_H,cdrH3,sc,0.907
7n8q_2_C,cdrH1,all,0.6990000000000001
7n8q_2_C,cdrH2,all,1.083
7n8q_2_C,cdrH3,all,2.066
7n8q_2_C,cdrH1,bb,0.672
7n8q_2_C,cdrH2,bb,1.0659999999999998
7n8q_2_C,cdrH3,bb,2.148
7n8q_2_C,cdrH1,sc,1.268
7n8q_2_C,cdrH2,sc,1.1159999999999999
7n8q_2_C,cdrH3,sc,1.943
7s8h_2_B,cdrH1,all,0.866
7s8h_2_B,cdrH2,all,0.887
7s8h_2_B,cdrH3,all,2.281
7s8h_2_B,cdrH1,bb,0.818
7s8h_2_B,cdrH2,bb,0.8490000000000001
7s8h_2_B,cdrH3,bb,2.029
7s8h_2_B,cdrH1,sc,0.775
7s8h_2_B,cdrH2,sc,1.291
7s8h_2_B,cdrH3,sc,1.2329999999999999
7nab_1_H,cdrH1,all,0.8
7nab_1_H,cdrH2,all,0.833
7nab_1_H,cdrH3,all,4.029
7nab_1_H,cdrH1,bb,0.8009999999999999
7nab_1_H,cdrH2,bb,0.8140000000000001
7nab_1_H,cdrH3,bb,3.678
7nab_1_H,cdrH1,sc,1.08
7nab_1_H,cdrH2,sc,0.457
7nab_1_H,cdrH3,sc,1.256
7sjs_1_H,cdrH1,all,0.32899999999999996
7sjs_1_H,cdrH2,all,0.456
7sjs_1_H,cdrH3,all,0.96
7sjs_1_H,cdrH1,bb,0.33399999999999996
7sjs_1_H,cdrH2,bb,0.434
7sjs_1_H,cdrH3,bb,0.8420000000000001
7sjs_1_H,cdrH1,sc,0.41
7sjs_1_H,cdrH2,sc,0.423
7sjs_1_H,cdrH3,sc,1.127
7ek0_1_H,cdrH1,all,1.32
7ek0_1_H,cdrH2,all,1.09
7ek0_1_H,cdrH3,all,0.987
7ek0_1_H,cdrH1,bb,1.276
7ek0_1_H,cdrH2,bb,1.079
7ek0_1_H,cdrH3,bb,0.95
7ek0_1_H,cdrH1,sc,1.153
7ek0_1_H,cdrH2,sc,0.852
7ek0_1_H,cdrH3,sc,0.767
7soe_1_B,cdrH1,all,0.885
7soe_1_B,cdrH2,all,0.469
7soe_1_B,cdrH3,all,2.009
7soe_1_B,cdrH1,bb,0.885
7soe_1_B,cdrH2,bb,0.469
7soe_1_B,cdrH3,bb,2.028
7soe_1_B,cdrH1,sc,
7soe_1_B,cdrH2,sc,
7soe_1_B,cdrH3,sc,0.205
7epx_2_I,cdrH1,all,1.204
7epx_2_I,cdrH2,all,1.33
7epx_2_I,cdrH3,all,5.5760000000000005
7epx_2_I,cdrH1,bb,1.204
7epx_2_I,cdrH2,bb,1.33
7epx_2_I,cdrH3,bb,5.5760000000000005
7epx_2_I,cdrH1,sc,2.338
7epx_2_I,cdrH2,sc,1.095
7epx_2_I,cdrH3,sc,2.2430000000000003
7mdp_1_H,cdrH1,all,0.807
7mdp_1_H,cdrH2,all,0.667
7mdp_1_H,cdrH3,all,4.588
7mdp_1_H,cdrH1,bb,0.8220000000000001
7mdp_1_H,cdrH2,bb,0.643
7mdp_1_H,cdrH3,bb,4.333
7mdp_1_H,cdrH1,sc,0.711
7mdp_1_H,cdrH2,sc,0.451
7mdp_1_H,cdrH3,sc,1.6469999999999998
7wpe_1_X,cdrH1,all,3.428
7wpe_1_X,cdrH2,all,1.7619999999999998
7wpe_1_X,cdrH3,all,4.71
7wpe_1_X,cdrH1,bb,3.388
7wpe_1_X,cdrH2,bb,1.7630000000000001
7wpe_1_X,cdrH3,bb,4.596
7wpe_1_X,cdrH1,sc,1.187
7wpe_1_X,cdrH2,sc,0.82
7wpe_1_X,cdrH3,sc,2.3369999999999997
7mub_1_A,cdrH1,all,2.9539999999999997
7mub_1_A,cdrH2,all,0.7490000000000001
7mub_1_A,cdrH3,all,1.314
7mub_1_A,cdrH1,bb,2.9539999999999997
7mub_1_A,cdrH2,bb,0.7490000000000001
7mub_1_A,cdrH3,bb,1.314
7mub_1_A,cdrH1,sc,2.589
7mub_1_A,cdrH2,sc,1.159
7mub_1_A,cdrH3,sc,1.564
